lr744048.1_scyliorhinus_canicula_genome_assembly_chromosome_19_28903	Sto-Mir-10-P2a_pre	98.276	58	1	0	1	58	1	58	6.46e-26	102
lr744048.1_scyliorhinus_canicula_genome_assembly_chromosome_19_28903	Sto-Mir-10-P2b_pre	100.000	20	0	0	1	20	1	20	1.85e-06	38.1
lr744048.1_scyliorhinus_canicula_genome_assembly_chromosome_19_28903	Sto-Mir-10-P2c_pre	95.455	22	1	0	1	22	1	22	6.64e-06	36.2
lr744048.1_scyliorhinus_canicula_genome_assembly_chromosome_19_28903	Sto-Mir-10-P1a-v2_pre	91.667	24	1	1	2	24	1	24	8.59e-05	32.5
lr744048.1_scyliorhinus_canicula_genome_assembly_chromosome_19_28903	Sto-Mir-10-P1a-v1_pre	91.667	24	1	1	2	24	2	25	8.59e-05	32.5
lr744039.1_scyliorhinus_canicula_genome_assembly_chromosome_10_17928	Sto-Mir-1-P2_pre	100.000	61	0	0	1	61	1	61	3.18e-29	113
lr744039.1_scyliorhinus_canicula_genome_assembly_chromosome_10_17928	Sto-Mir-1-P2_pre	86.957	23	2	1	38	59	23	1	0.015	25.1
lr744039.1_scyliorhinus_canicula_genome_assembly_chromosome_10_17928	Sto-Mir-1-P2_pre	86.957	23	2	1	1	23	59	38	0.015	25.1
lr744039.1_scyliorhinus_canicula_genome_assembly_chromosome_10_17928	Sto-Mir-1-P1_pre	93.548	62	2	2	1	61	1	61	1.49e-22	91.6
lr744039.1_scyliorhinus_canicula_genome_assembly_chromosome_10_17928	Sto-Mir-1-P1_pre	86.957	23	2	1	38	59	23	1	0.015	25.1
lr744039.1_scyliorhinus_canicula_genome_assembly_chromosome_10_17928	Sto-Mir-1-P1_pre	86.957	23	2	1	1	23	59	38	0.015	25.1
lr744039.1_scyliorhinus_canicula_genome_assembly_chromosome_10_17928	Sto-Mir-1-P4_pre	83.607	61	7	2	1	60	1	59	1.95e-11	54.7
lr744039.1_scyliorhinus_canicula_genome_assembly_chromosome_10_17928	Sto-Mir-1-P4_pre	86.957	23	2	1	1	23	58	37	0.015	25.1
lr744039.1_scyliorhinus_canicula_genome_assembly_chromosome_10_17928	Sto-Mir-455_pre	100.000	11	0	0	12	22	56	46	0.20	21.4
lr744036.1_scyliorhinus_canicula_genome_assembly_chromosome_7_13618	Sto-Mir-1-P1_pre	98.361	61	1	0	1	61	1	61	1.48e-27	108
lr744036.1_scyliorhinus_canicula_genome_assembly_chromosome_7_13618	Sto-Mir-1-P1_pre	78.125	64	4	7	1	59	59	1	9.15e-05	32.5
lr744036.1_scyliorhinus_canicula_genome_assembly_chromosome_7_13618	Sto-Mir-1-P2_pre	91.935	62	3	2	1	61	1	61	6.93e-21	86.1
lr744036.1_scyliorhinus_canicula_genome_assembly_chromosome_7_13618	Sto-Mir-1-P2_pre	86.957	23	2	1	38	59	23	1	0.015	25.1
lr744036.1_scyliorhinus_canicula_genome_assembly_chromosome_7_13618	Sto-Mir-1-P2_pre	86.957	23	2	1	1	23	59	38	0.015	25.1
lr744036.1_scyliorhinus_canicula_genome_assembly_chromosome_7_13618	Sto-Mir-1-P4_pre	88.333	60	6	1	1	60	1	59	1.94e-16	71.3
lr744036.1_scyliorhinus_canicula_genome_assembly_chromosome_7_13618	Sto-Mir-1-P4_pre	86.957	23	2	1	1	23	58	37	0.015	25.1
lr744036.1_scyliorhinus_canicula_genome_assembly_chromosome_7_13618	Sto-Mir-455_pre	100.000	11	0	0	12	22	56	46	0.20	21.4
lr744030.1_scyliorhinus_canicula_genome_assembly_chromosome_1_1772	Sto-Mir-1-P4_pre	100.000	59	0	0	1	59	1	59	4.03e-28	110
lr744030.1_scyliorhinus_canicula_genome_assembly_chromosome_1_1772	Sto-Mir-1-P1_pre	88.525	61	6	1	1	60	1	61	5.28e-17	73.1
lr744030.1_scyliorhinus_canicula_genome_assembly_chromosome_1_1772	Sto-Mir-1-P1_pre	86.957	23	2	1	37	58	23	1	0.015	25.1
lr744030.1_scyliorhinus_canicula_genome_assembly_chromosome_1_1772	Sto-Mir-1-P2_pre	83.871	62	7	2	1	60	1	61	5.32e-12	56.5
lr744030.1_scyliorhinus_canicula_genome_assembly_chromosome_1_1772	Sto-Mir-1-P2_pre	86.957	23	2	1	37	58	23	1	0.015	25.1
lr744037.1_scyliorhinus_canicula_genome_assembly_chromosome_8_13984	Sto-Mir-7-P1_pre	100.000	63	0	0	1	63	1	63	2.56e-30	117
lr744037.1_scyliorhinus_canicula_genome_assembly_chromosome_8_13984	Sto-Mir-7-P3_pre	89.231	65	5	1	1	63	1	65	3.35e-19	80.5
lr744037.1_scyliorhinus_canicula_genome_assembly_chromosome_8_13984	Sto-Mir-7-P2_pre	85.246	61	6	3	1	60	1	59	4.37e-13	60.2
lr744037.1_scyliorhinus_canicula_genome_assembly_chromosome_8_13984	Sto-Mir-338-P2_pre	100.000	13	0	0	10	22	47	59	0.016	25.1
lr744037.1_scyliorhinus_canicula_genome_assembly_chromosome_8_13984	Sto-Mir-338-P1_pre	100.000	13	0	0	10	22	47	59	0.016	25.1
lr744037.1_scyliorhinus_canicula_genome_assembly_chromosome_8_13984	Sto-Mir-92-P1d_pre	90.000	20	1	1	22	41	19	37	0.016	25.1
lr744037.1_scyliorhinus_canicula_genome_assembly_chromosome_8_13984	Sto-Let-7-P2b2_pre	100.000	11	0	0	9	19	29	39	0.21	21.4
lr744047.1_scyliorhinus_canicula_genome_assembly_chromosome_18_27795	Sto-Mir-7-P3_pre	100.000	65	0	0	1	65	1	65	2.05e-31	121
lr744047.1_scyliorhinus_canicula_genome_assembly_chromosome_18_27795	Sto-Mir-7-P1_pre	89.231	65	5	1	1	65	1	63	3.49e-19	80.5
lr744047.1_scyliorhinus_canicula_genome_assembly_chromosome_18_27795	Sto-Mir-7-P2_pre	80.645	62	9	2	1	62	1	59	1.27e-08	45.4
lr744047.1_scyliorhinus_canicula_genome_assembly_chromosome_18_27795	Sto-Mir-338-P2_pre	100.000	13	0	0	10	22	47	59	0.017	25.1
lr744047.1_scyliorhinus_canicula_genome_assembly_chromosome_18_27795	Sto-Mir-338-P1_pre	100.000	13	0	0	10	22	47	59	0.017	25.1
lr744047.1_scyliorhinus_canicula_genome_assembly_chromosome_18_27795	Sto-Let-7-P2b2_pre	100.000	11	0	0	9	19	29	39	0.21	21.4
lr744031.1_scyliorhinus_canicula_genome_assembly_chromosome_2_4463	Sto-Mir-10-P1b-v2_pre	100.000	57	0	0	1	57	1	57	4.88e-27	106
lr744031.1_scyliorhinus_canicula_genome_assembly_chromosome_2_4463	Sto-Mir-10-P1b-v1_pre	100.000	57	0	0	1	57	2	58	4.88e-27	106
lr744031.1_scyliorhinus_canicula_genome_assembly_chromosome_2_4463	Sto-Mir-10-P1a-v2_pre	83.607	61	6	2	1	57	1	61	1.79e-11	54.7
lr744031.1_scyliorhinus_canicula_genome_assembly_chromosome_2_4463	Sto-Mir-10-P1a-v1_pre	83.607	61	6	2	1	57	2	62	1.79e-11	54.7
lr744041.1_scyliorhinus_canicula_genome_assembly_chromosome_12_20399	Sto-Mir-9-P3_pre	98.387	62	1	0	1	62	1	62	4.19e-28	110
lr744041.1_scyliorhinus_canicula_genome_assembly_chromosome_12_20399	Sto-Mir-9-P3_pre	79.032	62	7	6	2	60	60	2	2.01e-06	38.1
lr744041.1_scyliorhinus_canicula_genome_assembly_chromosome_12_20399	Sto-Mir-9-P4_pre	90.323	62	5	1	1	62	1	61	3.29e-19	80.5
lr744041.1_scyliorhinus_canicula_genome_assembly_chromosome_12_20399	Sto-Mir-9-P4_pre	91.304	23	1	1	38	60	23	2	3.36e-04	30.7
lr744041.1_scyliorhinus_canicula_genome_assembly_chromosome_12_20399	Sto-Mir-9-P2_pre	87.097	62	7	1	1	62	1	61	7.12e-16	69.4
lr744041.1_scyliorhinus_canicula_genome_assembly_chromosome_12_20399	Sto-Mir-9-P2_pre	91.304	23	1	1	38	60	23	2	3.36e-04	30.7
lr744037.1_scyliorhinus_canicula_genome_assembly_chromosome_8_14174	Sto-Mir-9-P2_pre	100.000	61	0	0	1	61	1	61	3.18e-29	113
lr744037.1_scyliorhinus_canicula_genome_assembly_chromosome_8_14174	Sto-Mir-9-P2_pre	80.000	60	8	4	2	59	59	2	1.52e-07	41.7
lr744037.1_scyliorhinus_canicula_genome_assembly_chromosome_8_14174	Sto-Mir-9-P3_pre	88.710	62	6	1	1	61	1	62	1.50e-17	75.0
lr744037.1_scyliorhinus_canicula_genome_assembly_chromosome_8_14174	Sto-Mir-9-P3_pre	78.689	61	8	4	2	59	60	2	7.08e-06	36.2
lr744037.1_scyliorhinus_canicula_genome_assembly_chromosome_8_14174	Sto-Mir-9-P4_pre	85.246	61	9	0	1	61	1	61	3.25e-14	63.9
lr744037.1_scyliorhinus_canicula_genome_assembly_chromosome_8_14174	Sto-Mir-9-P4_pre	91.304	23	1	1	37	59	23	2	3.29e-04	30.7
lr744047.1_scyliorhinus_canicula_genome_assembly_chromosome_18_27925	Sto-Mir-9-P4_pre	100.000	61	0	0	1	61	1	61	3.18e-29	113
lr744047.1_scyliorhinus_canicula_genome_assembly_chromosome_18_27925	Sto-Mir-9-P3_pre	91.935	62	4	1	1	61	1	62	6.93e-21	86.1
lr744047.1_scyliorhinus_canicula_genome_assembly_chromosome_18_27925	Sto-Mir-9-P3_pre	91.304	23	1	1	2	23	60	38	3.29e-04	30.7
lr744047.1_scyliorhinus_canicula_genome_assembly_chromosome_18_27925	Sto-Mir-9-P2_pre	85.246	61	9	0	1	61	1	61	3.25e-14	63.9
lr744047.1_scyliorhinus_canicula_genome_assembly_chromosome_18_27925	Sto-Mir-9-P2_pre	91.304	23	1	1	2	23	59	37	3.29e-04	30.7
lr744048.1_scyliorhinus_canicula_genome_assembly_chromosome_19_28447	Sto-Mir-10-P1a-v1_pre	100.000	62	0	0	1	62	1	62	9.02e-30	115
lr744048.1_scyliorhinus_canicula_genome_assembly_chromosome_19_28447	Sto-Mir-10-P1a-v2_pre	100.000	61	0	0	2	62	1	61	3.24e-29	113
lr744048.1_scyliorhinus_canicula_genome_assembly_chromosome_19_28447	Sto-Mir-10-P1b-v1_pre	83.871	62	6	2	1	62	1	58	5.54e-12	56.5
lr744048.1_scyliorhinus_canicula_genome_assembly_chromosome_19_28447	Sto-Mir-10-P1b-v2_pre	83.607	61	6	2	2	62	1	57	1.99e-11	54.7
lr744048.1_scyliorhinus_canicula_genome_assembly_chromosome_19_28447	Sto-Mir-10-P2a_pre	91.667	24	1	1	2	25	2	24	9.34e-05	32.5
lr744048.1_scyliorhinus_canicula_genome_assembly_chromosome_19_28447	Sto-Mir-10-P2b_pre	90.000	20	1	1	2	21	2	20	0.016	25.1
lr744050.1_scyliorhinus_canicula_genome_assembly_chromosome_21_30175	Sto-Mir-199-P1-v3_pre	100.000	61	0	0	1	61	1	61	3.18e-29	113
lr744050.1_scyliorhinus_canicula_genome_assembly_chromosome_21_30175	Sto-Mir-199-P1-v2_pre	100.000	61	0	0	1	61	1	61	3.18e-29	113
lr744050.1_scyliorhinus_canicula_genome_assembly_chromosome_21_30175	Sto-Mir-199-P1-v1_pre	100.000	61	0	0	1	61	1	61	3.18e-29	113
lr744050.1_scyliorhinus_canicula_genome_assembly_chromosome_21_30175	Sto-Mir-199-P3-v3_pre	91.803	61	5	0	1	61	1	61	6.93e-21	86.1
lr744050.1_scyliorhinus_canicula_genome_assembly_chromosome_21_30175	Sto-Mir-199-P3-v2_pre	91.803	61	5	0	1	61	1	61	6.93e-21	86.1
lr744050.1_scyliorhinus_canicula_genome_assembly_chromosome_21_30175	Sto-Mir-199-P3-v1_pre	91.803	61	5	0	1	61	1	61	6.93e-21	86.1
lr744033.1_scyliorhinus_canicula_genome_assembly_chromosome_4_8141	Sto-Mir-199-P3-v3_pre	100.000	61	0	0	1	61	1	61	3.18e-29	113
lr744033.1_scyliorhinus_canicula_genome_assembly_chromosome_4_8141	Sto-Mir-199-P3-v2_pre	100.000	61	0	0	1	61	1	61	3.18e-29	113
lr744033.1_scyliorhinus_canicula_genome_assembly_chromosome_4_8141	Sto-Mir-199-P3-v1_pre	100.000	61	0	0	1	61	1	61	3.18e-29	113
lr744033.1_scyliorhinus_canicula_genome_assembly_chromosome_4_8141	Sto-Mir-199-P1-v3_pre	91.803	61	5	0	1	61	1	61	6.93e-21	86.1
lr744033.1_scyliorhinus_canicula_genome_assembly_chromosome_4_8141	Sto-Mir-199-P1-v2_pre	91.803	61	5	0	1	61	1	61	6.93e-21	86.1
lr744033.1_scyliorhinus_canicula_genome_assembly_chromosome_4_8141	Sto-Mir-199-P1-v1_pre	91.803	61	5	0	1	61	1	61	6.93e-21	86.1
lr744033.1_scyliorhinus_canicula_genome_assembly_chromosome_4_8416	Sto-Mir-143_pre	100.000	55	0	0	1	55	1	55	6.04e-26	102
lr744033.1_scyliorhinus_canicula_genome_assembly_chromosome_4_8416	Sto-Mir-205-P3_pre	100.000	11	0	0	35	45	49	59	0.17	21.4
lr744039.1_scyliorhinus_canicula_genome_assembly_chromosome_10_16818	Sto-Mir-30-P1c_pre	96.875	64	1	1	1	64	1	63	5.64e-27	106
lr744039.1_scyliorhinus_canicula_genome_assembly_chromosome_10_16818	Sto-Mir-30-P1b_pre	92.308	26	2	0	1	26	1	26	2.09e-06	38.1
lr744039.1_scyliorhinus_canicula_genome_assembly_chromosome_10_16818	Sto-Mir-30-P1b_pre	100.000	20	0	0	42	61	41	60	2.09e-06	38.1
lr744039.1_scyliorhinus_canicula_genome_assembly_chromosome_10_16818	Sto-Mir-30-P2c_pre	100.000	11	0	0	1	11	1	11	0.21	21.4
lr744039.1_scyliorhinus_canicula_genome_assembly_chromosome_10_16818	Sto-Mir-30-P2b_pre	100.000	11	0	0	1	11	1	11	0.21	21.4
lr744039.1_scyliorhinus_canicula_genome_assembly_chromosome_10_16818	Sto-Mir-30-P2a_pre	100.000	11	0	0	1	11	1	11	0.21	21.4
lr744031.1_scyliorhinus_canicula_genome_assembly_chromosome_2_2651	Sto-Mir-203-v2_pre	100.000	60	0	0	1	60	1	60	1.12e-28	111
lr744031.1_scyliorhinus_canicula_genome_assembly_chromosome_2_2651	Sto-Mir-203-v1_pre	100.000	60	0	0	1	60	1	60	1.12e-28	111
lr744030.1_scyliorhinus_canicula_genome_assembly_chromosome_1_648	Sto-Mir-30-P2b_pre	100.000	60	0	0	1	60	1	60	1.12e-28	111
lr744030.1_scyliorhinus_canicula_genome_assembly_chromosome_1_648	Sto-Mir-30-P2a_pre	96.296	27	1	0	1	27	1	27	1.15e-08	45.4
lr744030.1_scyliorhinus_canicula_genome_assembly_chromosome_1_648	Sto-Mir-30-P2c_pre	92.308	26	0	1	1	26	1	24	6.93e-06	36.2
lr744030.1_scyliorhinus_canicula_genome_assembly_chromosome_1_648	Sto-Mir-30-P1b_pre	100.000	12	0	0	1	12	1	12	0.054	23.3
lr744030.1_scyliorhinus_canicula_genome_assembly_chromosome_1_648	Sto-Mir-30-P1c_pre	100.000	11	0	0	1	11	1	11	0.19	21.4
lr744045.1_scyliorhinus_canicula_genome_assembly_chromosome_16_25758	Sto-Mir-8-P2a_pre	100.000	59	0	0	1	59	1	59	3.94e-28	110
lr744038.1_scyliorhinus_canicula_genome_assembly_chromosome_9_16088	Sto-Mir-140-v2_pre	100.000	61	0	0	1	61	1	61	3.18e-29	113
lr744038.1_scyliorhinus_canicula_genome_assembly_chromosome_9_16088	Sto-Mir-140-v1_pre	100.000	61	0	0	1	61	1	61	3.18e-29	113
lr744050.1_scyliorhinus_canicula_genome_assembly_chromosome_21_29838	Sto-Mir-181-P1b_pre	100.000	63	0	0	1	63	1	63	2.56e-30	117
lr744050.1_scyliorhinus_canicula_genome_assembly_chromosome_21_29838	Sto-Mir-181-P1c_pre	85.714	63	8	1	1	63	1	62	9.39e-15	65.8
lr744050.1_scyliorhinus_canicula_genome_assembly_chromosome_21_29838	Sto-Mir-181-P1a_pre	84.615	65	5	3	1	63	1	62	4.37e-13	60.2
lr744033.1_scyliorhinus_canicula_genome_assembly_chromosome_4_7248	Sto-Mir-181-P1a_pre	100.000	62	0	0	1	62	1	62	9.02e-30	115
lr744033.1_scyliorhinus_canicula_genome_assembly_chromosome_4_7248	Sto-Mir-181-P1c_pre	85.714	63	7	2	1	62	1	62	9.21e-15	65.8
lr744033.1_scyliorhinus_canicula_genome_assembly_chromosome_4_7248	Sto-Mir-181-P1b_pre	84.615	65	5	3	1	62	1	63	4.28e-13	60.2
lr744032.1_scyliorhinus_canicula_genome_assembly_chromosome_3_4970	Sto-Mir-122_pre	100.000	58	0	0	1	58	1	58	1.39e-27	108
lr744032.1_scyliorhinus_canicula_genome_assembly_chromosome_3_4970	Sto-Mir-30-P2a_pre	100.000	11	0	0	6	16	24	34	0.19	21.4
lr744036.1_scyliorhinus_canicula_genome_assembly_chromosome_7_13616	Sto-Mir-133-P1-v2_pre	100.000	60	0	0	1	60	1	60	1.12e-28	111
lr744036.1_scyliorhinus_canicula_genome_assembly_chromosome_7_13616	Sto-Mir-133-P1-v1_pre	100.000	60	0	0	1	60	1	60	1.12e-28	111
lr744036.1_scyliorhinus_canicula_genome_assembly_chromosome_7_13616	Sto-Mir-133-P2-v2_pre	96.667	60	2	0	1	60	1	60	2.42e-25	100
lr744036.1_scyliorhinus_canicula_genome_assembly_chromosome_7_13616	Sto-Mir-133-P2-v1_pre	96.667	60	2	0	1	60	1	60	2.42e-25	100
lr744036.1_scyliorhinus_canicula_genome_assembly_chromosome_7_13616	Sto-Mir-133-P4-v2_pre	86.207	58	8	0	2	59	1	58	3.18e-14	63.9
lr744036.1_scyliorhinus_canicula_genome_assembly_chromosome_7_13616	Sto-Mir-133-P4-v1_pre	86.207	58	8	0	2	59	1	58	3.18e-14	63.9
lr744039.1_scyliorhinus_canicula_genome_assembly_chromosome_10_17926	Sto-Mir-133-P2-v2_pre	100.000	60	0	0	1	60	1	60	1.12e-28	111
lr744039.1_scyliorhinus_canicula_genome_assembly_chromosome_10_17926	Sto-Mir-133-P2-v1_pre	100.000	60	0	0	1	60	1	60	1.12e-28	111
lr744039.1_scyliorhinus_canicula_genome_assembly_chromosome_10_17926	Sto-Mir-133-P1-v2_pre	96.667	60	2	0	1	60	1	60	2.42e-25	100
lr744039.1_scyliorhinus_canicula_genome_assembly_chromosome_10_17926	Sto-Mir-133-P1-v1_pre	96.667	60	2	0	1	60	1	60	2.42e-25	100
lr744039.1_scyliorhinus_canicula_genome_assembly_chromosome_10_17926	Sto-Mir-133-P4-v2_pre	87.931	58	7	0	2	59	1	58	6.83e-16	69.4
lr744039.1_scyliorhinus_canicula_genome_assembly_chromosome_10_17926	Sto-Mir-133-P4-v1_pre	87.931	58	7	0	2	59	1	58	6.83e-16	69.4
lr744043.1_scyliorhinus_canicula_genome_assembly_chromosome_14_22733	Sto-Mir-92-P1a_pre	100.000	60	0	0	1	60	1	60	1.12e-28	111
lr744043.1_scyliorhinus_canicula_genome_assembly_chromosome_14_22733	Sto-Mir-92-P1b_pre	100.000	23	0	0	38	60	40	62	4.14e-08	43.6
lr744043.1_scyliorhinus_canicula_genome_assembly_chromosome_14_22733	Sto-Mir-92-P1d_pre	95.833	24	1	0	35	58	34	57	5.36e-07	39.9
lr744043.1_scyliorhinus_canicula_genome_assembly_chromosome_14_22733	Sto-Mir-92-P2d_pre	93.750	16	1	0	40	55	40	55	0.015	25.1
lr744033.1_scyliorhinus_canicula_genome_assembly_chromosome_4_7250	Sto-Mir-181-P2a_pre	100.000	60	0	0	1	60	1	60	1.12e-28	111
lr744033.1_scyliorhinus_canicula_genome_assembly_chromosome_4_7250	Sto-Mir-181-P2c_pre	87.500	56	4	3	1	55	1	54	1.14e-13	62.1
lr744033.1_scyliorhinus_canicula_genome_assembly_chromosome_4_7250	Sto-Mir-181-P2b_pre	83.333	60	8	2	1	60	1	58	1.91e-11	54.7
lr744040.1_scyliorhinus_canicula_genome_assembly_chromosome_11_18818	Sto-Mir-96-P3-v1_pre	100.000	62	0	0	1	62	1	62	9.02e-30	115
lr744040.1_scyliorhinus_canicula_genome_assembly_chromosome_11_18818	Sto-Mir-96-P3-v2_pre	100.000	60	0	0	2	61	1	60	1.17e-28	111
lr744030.1_scyliorhinus_canicula_genome_assembly_chromosome_1_646	Sto-Mir-30-P1b_pre	96.825	63	2	0	1	63	1	63	5.53e-27	106
lr744030.1_scyliorhinus_canicula_genome_assembly_chromosome_1_646	Sto-Mir-30-P1c_pre	92.593	27	2	0	1	27	1	27	5.69e-07	39.9
lr744030.1_scyliorhinus_canicula_genome_assembly_chromosome_1_646	Sto-Mir-30-P2c_pre	100.000	12	0	0	1	12	1	12	0.057	23.3
lr744030.1_scyliorhinus_canicula_genome_assembly_chromosome_1_646	Sto-Mir-30-P2b_pre	100.000	12	0	0	1	12	1	12	0.057	23.3
lr744030.1_scyliorhinus_canicula_genome_assembly_chromosome_1_646	Sto-Mir-30-P2a_pre	100.000	12	0	0	1	12	1	12	0.057	23.3
lr744031.1_scyliorhinus_canicula_genome_assembly_chromosome_2_4767	Sto-Mir-26-P1_pre	100.000	61	0	0	1	61	1	61	3.18e-29	113
lr744031.1_scyliorhinus_canicula_genome_assembly_chromosome_2_4767	Sto-Mir-26-P2_pre	100.000	24	0	0	1	24	1	24	1.18e-08	45.4
lr744031.1_scyliorhinus_canicula_genome_assembly_chromosome_2_4767	Sto-Mir-26-P3_pre	100.000	24	0	0	1	24	1	24	1.18e-08	45.4
lr744057.1_scyliorhinus_canicula_genome_assembly_chromosome_X_32098	Sto-Mir-26-P2_pre	91.667	60	3	2	1	58	1	60	8.41e-20	82.4
lr744057.1_scyliorhinus_canicula_genome_assembly_chromosome_X_32098	Sto-Mir-26-P1_pre	96.154	26	1	0	1	26	1	26	3.97e-08	43.6
lr744057.1_scyliorhinus_canicula_genome_assembly_chromosome_X_32098	Sto-Mir-26-P3_pre	82.353	51	7	2	1	49	1	51	3.97e-08	43.6
lr744035.1_scyliorhinus_canicula_genome_assembly_chromosome_6_11124	Sto-Mir-30-P1b_pre	86.154	65	6	3	1	64	1	63	2.66e-15	67.6
lr744035.1_scyliorhinus_canicula_genome_assembly_chromosome_6_11124	Sto-Mir-30-P1c_pre	79.365	63	8	4	1	61	1	60	5.81e-07	39.9
lr744035.1_scyliorhinus_canicula_genome_assembly_chromosome_6_11124	Sto-Mir-30-P2c_pre	100.000	12	0	0	1	12	1	12	0.058	23.3
lr744035.1_scyliorhinus_canicula_genome_assembly_chromosome_6_11124	Sto-Mir-30-P2b_pre	100.000	12	0	0	1	12	1	12	0.058	23.3
lr744035.1_scyliorhinus_canicula_genome_assembly_chromosome_6_11124	Sto-Mir-30-P2a_pre	100.000	12	0	0	1	12	1	12	0.058	23.3
lr744030.1_scyliorhinus_canicula_genome_assembly_chromosome_1_644	Sto-Mir-30-P1d_pre	100.000	64	0	0	1	64	1	64	7.39e-31	119
lr744040.1_scyliorhinus_canicula_genome_assembly_chromosome_11_18270	Sto-Mir-191_pre	98.246	57	0	1	1	56	1	57	7.99e-25	99.0
lr744050.1_scyliorhinus_canicula_genome_assembly_chromosome_21_30214	Sto-Mir-126-v3_pre	100.000	59	0	0	1	59	1	59	3.94e-28	110
lr744050.1_scyliorhinus_canicula_genome_assembly_chromosome_21_30214	Sto-Mir-126-v2_pre	100.000	59	0	0	1	59	1	59	3.94e-28	110
lr744050.1_scyliorhinus_canicula_genome_assembly_chromosome_21_30214	Sto-Mir-126-v1_pre	100.000	59	0	0	1	59	1	59	3.94e-28	110
lr744045.1_scyliorhinus_canicula_genome_assembly_chromosome_16_25756	Sto-Mir-8-P1a_pre	100.000	61	0	0	1	61	1	61	3.18e-29	113
lr744045.1_scyliorhinus_canicula_genome_assembly_chromosome_16_25756	Sto-Mir-8-P3a_pre	94.444	18	1	0	37	54	36	53	0.001	28.8
lr744045.1_scyliorhinus_canicula_genome_assembly_chromosome_16_25756	Sto-Mir-130-P2a_pre	100.000	13	0	0	22	34	46	34	0.015	25.1
lr744045.1_scyliorhinus_canicula_genome_assembly_chromosome_16_25756	Sto-Mir-130-P3b_pre	100.000	11	0	0	22	32	45	35	0.20	21.4
lr744045.1_scyliorhinus_canicula_genome_assembly_chromosome_16_25756	Sto-Mir-130-P3a_pre	100.000	11	0	0	22	32	50	40	0.20	21.4
lr744045.1_scyliorhinus_canicula_genome_assembly_chromosome_16_25756	Sto-Mir-130-P2b_pre	100.000	11	0	0	22	32	44	34	0.20	21.4
lr744045.1_scyliorhinus_canicula_genome_assembly_chromosome_16_25756	Sto-Mir-130-P1b_pre	100.000	11	0	0	22	32	47	37	0.20	21.4
lr744045.1_scyliorhinus_canicula_genome_assembly_chromosome_16_25756	Sto-Mir-128-P1_pre	100.000	11	0	0	40	50	10	20	0.20	21.4
lr744049.1_scyliorhinus_canicula_genome_assembly_chromosome_20_29155	Sto-Let-7-P2a2_pre	100.000	71	0	0	1	71	1	71	1.07e-34	132
lr744049.1_scyliorhinus_canicula_genome_assembly_chromosome_20_29155	Sto-Let-7-P2a1_pre	90.141	71	7	0	1	71	1	71	5.07e-23	93.5
lr744049.1_scyliorhinus_canicula_genome_assembly_chromosome_20_29155	Sto-Let-7-P2a3_pre	89.041	73	4	3	1	71	1	71	2.36e-21	87.9
lr744049.1_scyliorhinus_canicula_genome_assembly_chromosome_20_29155	Sto-Let-7-P1c_pre	81.944	72	8	4	1	72	1	67	6.65e-12	56.5
lr744049.1_scyliorhinus_canicula_genome_assembly_chromosome_20_29155	Sto-Let-7-P2b2_pre	93.103	29	2	0	1	29	1	29	5.18e-08	43.6
lr744049.1_scyliorhinus_canicula_genome_assembly_chromosome_20_29155	Sto-Let-7-P2b2_pre	92.000	25	2	0	45	69	50	74	8.66e-06	36.2
lr744049.1_scyliorhinus_canicula_genome_assembly_chromosome_20_29155	Sto-Let-7-P2b2_pre	95.000	20	1	0	3	22	73	54	1.12e-04	32.5
lr744049.1_scyliorhinus_canicula_genome_assembly_chromosome_20_29155	Sto-Let-7-P1a_pre	100.000	23	0	0	1	23	1	23	5.18e-08	43.6
lr744049.1_scyliorhinus_canicula_genome_assembly_chromosome_20_29155	Sto-Let-7-P1b_pre	100.000	22	0	0	1	22	1	22	1.86e-07	41.7
lr744049.1_scyliorhinus_canicula_genome_assembly_chromosome_20_29155	Sto-Let-7-P2c1_pre	95.238	21	1	0	2	22	2	22	3.12e-05	34.4
lr744049.1_scyliorhinus_canicula_genome_assembly_chromosome_20_29155	Sto-Let-7-P2c1_pre	85.185	27	4	0	45	71	49	75	0.001	28.8
lr744049.1_scyliorhinus_canicula_genome_assembly_chromosome_20_29155	Sto-Let-7-P2c1_pre	100.000	11	0	0	12	22	63	53	0.24	21.4
lr744049.1_scyliorhinus_canicula_genome_assembly_chromosome_20_29155	Sto-Let-7-P2c2_pre	93.750	16	1	0	1	16	1	16	0.019	25.1
lr744050.1_scyliorhinus_canicula_genome_assembly_chromosome_21_29665	Sto-Let-7-P2a3_pre	100.000	71	0	0	1	71	1	71	1.07e-34	132
lr744050.1_scyliorhinus_canicula_genome_assembly_chromosome_21_29665	Sto-Let-7-P2a1_pre	91.549	71	6	0	1	71	1	71	1.09e-24	99.0
lr744050.1_scyliorhinus_canicula_genome_assembly_chromosome_21_29665	Sto-Let-7-P2a2_pre	89.041	73	4	3	1	71	1	71	2.36e-21	87.9
lr744050.1_scyliorhinus_canicula_genome_assembly_chromosome_21_29665	Sto-Let-7-P1c_pre	81.944	72	8	4	1	72	1	67	6.65e-12	56.5
lr744050.1_scyliorhinus_canicula_genome_assembly_chromosome_21_29665	Sto-Let-7-P2b2_pre	93.103	29	2	0	1	29	1	29	5.18e-08	43.6
lr744050.1_scyliorhinus_canicula_genome_assembly_chromosome_21_29665	Sto-Let-7-P2b2_pre	95.000	20	1	0	3	22	73	54	1.12e-04	32.5
lr744050.1_scyliorhinus_canicula_genome_assembly_chromosome_21_29665	Sto-Let-7-P2b2_pre	88.000	25	3	0	45	69	50	74	4.03e-04	30.7
lr744050.1_scyliorhinus_canicula_genome_assembly_chromosome_21_29665	Sto-Let-7-P1a_pre	100.000	23	0	0	1	23	1	23	5.18e-08	43.6
lr744050.1_scyliorhinus_canicula_genome_assembly_chromosome_21_29665	Sto-Let-7-P1b_pre	100.000	22	0	0	1	22	1	22	1.86e-07	41.7
lr744050.1_scyliorhinus_canicula_genome_assembly_chromosome_21_29665	Sto-Let-7-P2c1_pre	95.238	21	1	0	2	22	2	22	3.12e-05	34.4
lr744050.1_scyliorhinus_canicula_genome_assembly_chromosome_21_29665	Sto-Let-7-P2c1_pre	82.759	29	5	0	43	71	47	75	0.005	27.0
lr744050.1_scyliorhinus_canicula_genome_assembly_chromosome_21_29665	Sto-Let-7-P2c1_pre	100.000	11	0	0	12	22	63	53	0.24	21.4
lr744050.1_scyliorhinus_canicula_genome_assembly_chromosome_21_29665	Sto-Let-7-P2c2_pre	93.750	16	1	0	1	16	1	16	0.019	25.1
lr744040.1_scyliorhinus_canicula_genome_assembly_chromosome_11_19088	Sto-Let-7-P2a1_pre	100.000	71	0	0	1	71	1	71	1.07e-34	132
lr744040.1_scyliorhinus_canicula_genome_assembly_chromosome_11_19088	Sto-Let-7-P2a3_pre	91.549	71	6	0	1	71	1	71	1.09e-24	99.0
lr744040.1_scyliorhinus_canicula_genome_assembly_chromosome_11_19088	Sto-Let-7-P2a2_pre	90.141	71	7	0	1	71	1	71	5.07e-23	93.5
lr744040.1_scyliorhinus_canicula_genome_assembly_chromosome_11_19088	Sto-Let-7-P1c_pre	83.333	72	7	4	1	72	1	67	1.43e-13	62.1
lr744040.1_scyliorhinus_canicula_genome_assembly_chromosome_11_19088	Sto-Let-7-P1b_pre	80.556	72	9	3	1	72	1	67	3.09e-10	51.0
lr744040.1_scyliorhinus_canicula_genome_assembly_chromosome_11_19088	Sto-Let-7-P1a_pre	80.556	72	9	4	1	72	1	67	3.09e-10	51.0
lr744040.1_scyliorhinus_canicula_genome_assembly_chromosome_11_19088	Sto-Let-7-P2b2_pre	93.103	29	2	0	1	29	1	29	5.18e-08	43.6
lr744040.1_scyliorhinus_canicula_genome_assembly_chromosome_11_19088	Sto-Let-7-P2b2_pre	92.000	25	2	0	45	69	50	74	8.66e-06	36.2
lr744040.1_scyliorhinus_canicula_genome_assembly_chromosome_11_19088	Sto-Let-7-P2b2_pre	95.000	20	1	0	3	22	73	54	1.12e-04	32.5
lr744040.1_scyliorhinus_canicula_genome_assembly_chromosome_11_19088	Sto-Let-7-P2c1_pre	95.238	21	1	0	2	22	2	22	3.12e-05	34.4
lr744040.1_scyliorhinus_canicula_genome_assembly_chromosome_11_19088	Sto-Let-7-P2c1_pre	86.207	29	4	0	43	71	47	75	1.12e-04	32.5
lr744040.1_scyliorhinus_canicula_genome_assembly_chromosome_11_19088	Sto-Let-7-P2c1_pre	100.000	11	0	0	12	22	63	53	0.24	21.4
lr744040.1_scyliorhinus_canicula_genome_assembly_chromosome_11_19088	Sto-Let-7-P2c2_pre	93.750	16	1	0	1	16	1	16	0.019	25.1
lr744048.1_scyliorhinus_canicula_genome_assembly_chromosome_19_28902	Sto-Let-7-P1a_pre	100.000	67	0	0	1	67	1	67	1.65e-32	124
lr744048.1_scyliorhinus_canicula_genome_assembly_chromosome_19_28902	Sto-Let-7-P1c_pre	92.537	67	5	0	1	67	1	67	3.59e-24	97.1
lr744048.1_scyliorhinus_canicula_genome_assembly_chromosome_19_28902	Sto-Let-7-P1b_pre	85.075	67	10	0	1	67	1	67	7.83e-16	69.4
lr744048.1_scyliorhinus_canicula_genome_assembly_chromosome_19_28902	Sto-Let-7-P2a1_pre	80.282	71	9	4	1	66	1	71	1.02e-09	49.1
lr744048.1_scyliorhinus_canicula_genome_assembly_chromosome_19_28902	Sto-Let-7-P2a3_pre	100.000	23	0	0	1	23	1	23	4.75e-08	43.6
lr744048.1_scyliorhinus_canicula_genome_assembly_chromosome_19_28902	Sto-Let-7-P2a2_pre	100.000	23	0	0	1	23	1	23	4.75e-08	43.6
lr744048.1_scyliorhinus_canicula_genome_assembly_chromosome_19_28902	Sto-Let-7-P2b2_pre	95.652	23	1	0	1	23	1	23	2.21e-06	38.1
lr744048.1_scyliorhinus_canicula_genome_assembly_chromosome_19_28902	Sto-Let-7-P2b2_pre	95.000	20	1	0	3	22	73	54	1.03e-04	32.5
lr744048.1_scyliorhinus_canicula_genome_assembly_chromosome_19_28902	Sto-Let-7-P2c1_pre	95.238	21	1	0	2	22	2	22	2.86e-05	34.4
lr744048.1_scyliorhinus_canicula_genome_assembly_chromosome_19_28902	Sto-Let-7-P2c1_pre	100.000	11	0	0	12	22	63	53	0.22	21.4
lr744048.1_scyliorhinus_canicula_genome_assembly_chromosome_19_28902	Sto-Let-7-P2c3_pre	100.000	16	0	0	38	53	51	66	3.70e-04	30.7
lr744048.1_scyliorhinus_canicula_genome_assembly_chromosome_19_28902	Sto-Let-7-P2c2_pre	93.750	16	1	0	1	16	1	16	0.017	25.1
lr744048.1_scyliorhinus_canicula_genome_assembly_chromosome_19_28902	Sto-Let-7-P2c2_pre	100.000	11	0	0	38	48	50	60	0.22	21.4
lr744040.1_scyliorhinus_canicula_genome_assembly_chromosome_11_18822	Sto-Mir-96-P2_pre	100.000	65	0	0	1	65	1	65	2.05e-31	121
lr744036.1_scyliorhinus_canicula_genome_assembly_chromosome_7_12199	Sto-Let-7-P1c_pre	98.507	67	1	0	1	67	1	67	7.67e-31	119
lr744036.1_scyliorhinus_canicula_genome_assembly_chromosome_7_12199	Sto-Let-7-P1a_pre	94.030	67	4	0	1	67	1	67	7.72e-26	102
lr744036.1_scyliorhinus_canicula_genome_assembly_chromosome_7_12199	Sto-Let-7-P1b_pre	88.060	67	8	0	1	67	1	67	3.62e-19	80.5
lr744036.1_scyliorhinus_canicula_genome_assembly_chromosome_7_12199	Sto-Let-7-P2a1_pre	81.690	71	8	3	1	66	1	71	2.19e-11	54.7
lr744036.1_scyliorhinus_canicula_genome_assembly_chromosome_7_12199	Sto-Let-7-P2a3_pre	80.282	71	9	4	1	66	1	71	1.02e-09	49.1
lr744036.1_scyliorhinus_canicula_genome_assembly_chromosome_7_12199	Sto-Let-7-P2a2_pre	80.282	71	9	3	1	66	1	71	1.02e-09	49.1
lr744036.1_scyliorhinus_canicula_genome_assembly_chromosome_7_12199	Sto-Let-7-P2b2_pre	95.652	23	1	0	1	23	1	23	2.21e-06	38.1
lr744036.1_scyliorhinus_canicula_genome_assembly_chromosome_7_12199	Sto-Let-7-P2b2_pre	95.000	20	1	0	3	22	73	54	1.03e-04	32.5
lr744036.1_scyliorhinus_canicula_genome_assembly_chromosome_7_12199	Sto-Let-7-P2c1_pre	95.238	21	1	0	2	22	2	22	2.86e-05	34.4
lr744036.1_scyliorhinus_canicula_genome_assembly_chromosome_7_12199	Sto-Let-7-P2c1_pre	100.000	11	0	0	12	22	63	53	0.22	21.4
lr744036.1_scyliorhinus_canicula_genome_assembly_chromosome_7_12199	Sto-Let-7-P2c2_pre	93.750	16	1	0	1	16	1	16	0.017	25.1
lr744036.1_scyliorhinus_canicula_genome_assembly_chromosome_7_12199	Sto-Let-7-P2c3_pre	93.750	16	1	0	38	53	51	66	0.017	25.1
lr744036.1_scyliorhinus_canicula_genome_assembly_chromosome_7_12198	Sto-Mir-10-P2c_pre	100.000	59	0	0	1	59	1	59	3.94e-28	110
lr744036.1_scyliorhinus_canicula_genome_assembly_chromosome_7_12198	Sto-Mir-10-P2a_pre	95.455	22	1	0	1	22	1	22	6.79e-06	36.2
lr744036.1_scyliorhinus_canicula_genome_assembly_chromosome_7_12198	Sto-Mir-10-P2b_pre	91.667	24	2	0	1	24	1	24	2.44e-05	34.4
lr744037.1_scyliorhinus_canicula_genome_assembly_chromosome_8_14696	Sto-Mir-27-P2_pre	100.000	64	0	0	1	64	1	64	7.25e-31	119
lr744037.1_scyliorhinus_canicula_genome_assembly_chromosome_8_14696	Sto-Mir-27-o1_pre	100.000	20	0	0	41	60	44	63	2.09e-06	38.1
lr744037.1_scyliorhinus_canicula_genome_assembly_chromosome_8_14696	Sto-Mir-27-P1_pre	100.000	20	0	0	41	60	43	62	2.09e-06	38.1
lr744037.1_scyliorhinus_canicula_genome_assembly_chromosome_8_14696	Sto-Mir-34-P2b_pre	94.118	17	1	0	7	23	12	28	0.005	27.0
lr744037.1_scyliorhinus_canicula_genome_assembly_chromosome_8_14696	Sto-Mir-96-P1_pre	100.000	12	0	0	30	41	14	25	0.058	23.3
lr744037.1_scyliorhinus_canicula_genome_assembly_chromosome_8_14696	Sto-Mir-34-P2a_pre	100.000	11	0	0	7	17	12	22	0.21	21.4
lr744033.1_scyliorhinus_canicula_genome_assembly_chromosome_4_8303	Sto-Mir-218-P2_pre	100.000	64	0	0	1	64	1	64	7.25e-31	119
lr744033.1_scyliorhinus_canicula_genome_assembly_chromosome_4_8303	Sto-Mir-218-P1_pre	90.625	64	6	0	1	64	1	64	7.35e-21	86.1
lr744042.1_scyliorhinus_canicula_genome_assembly_chromosome_13_21234	Sto-Mir-92-P2d_pre	100.000	60	0	0	1	60	1	60	1.12e-28	111
lr744042.1_scyliorhinus_canicula_genome_assembly_chromosome_13_21234	Sto-Mir-92-P1d_pre	93.750	16	1	0	40	55	39	54	0.015	25.1
lr744042.1_scyliorhinus_canicula_genome_assembly_chromosome_13_21234	Sto-Mir-92-P1b_pre	89.474	19	2	0	37	55	39	57	0.015	25.1
lr744042.1_scyliorhinus_canicula_genome_assembly_chromosome_13_21234	Sto-Mir-92-P1a_pre	93.750	16	1	0	40	55	40	55	0.015	25.1
lr744042.1_scyliorhinus_canicula_genome_assembly_chromosome_13_21234	Sto-Mir-221-P1_pre	100.000	11	0	0	20	30	53	63	0.19	21.4
lr744033.1_scyliorhinus_canicula_genome_assembly_chromosome_4_8414	Sto-Mir-145_pre	100.000	60	0	0	1	60	1	60	1.12e-28	111
lr744033.1_scyliorhinus_canicula_genome_assembly_chromosome_4_8414	Sto-Mir-145_pre	78.571	56	6	5	4	56	56	4	8.97e-05	32.5
lr744033.1_scyliorhinus_canicula_genome_assembly_chromosome_4_8414	Sto-Mir-184_pre	100.000	11	0	0	29	39	49	59	0.19	21.4
lr744033.1_scyliorhinus_canicula_genome_assembly_chromosome_4_8414	Sto-Mir-23-o2_pre	100.000	11	0	0	38	48	1	11	0.19	21.4
lr744033.1_scyliorhinus_canicula_genome_assembly_chromosome_4_8414	Sto-Mir-23-o2_pre	100.000	11	0	0	12	22	11	1	0.19	21.4
lr744030.1_scyliorhinus_canicula_genome_assembly_chromosome_1_1770	Sto-Mir-133-P4-v2_pre	100.000	58	0	0	2	59	1	58	1.45e-27	108
lr744030.1_scyliorhinus_canicula_genome_assembly_chromosome_1_1770	Sto-Mir-133-P4-v1_pre	100.000	58	0	0	2	59	1	58	1.45e-27	108
lr744030.1_scyliorhinus_canicula_genome_assembly_chromosome_1_1770	Sto-Mir-133-P2-v2_pre	88.136	59	7	0	1	59	1	59	1.90e-16	71.3
lr744030.1_scyliorhinus_canicula_genome_assembly_chromosome_1_1770	Sto-Mir-133-P2-v1_pre	88.136	59	7	0	1	59	1	59	1.90e-16	71.3
lr744030.1_scyliorhinus_canicula_genome_assembly_chromosome_1_1770	Sto-Mir-133-P1-v2_pre	86.441	59	8	0	1	59	1	59	8.84e-15	65.8
lr744030.1_scyliorhinus_canicula_genome_assembly_chromosome_1_1770	Sto-Mir-133-P1-v1_pre	86.441	59	8	0	1	59	1	59	8.84e-15	65.8
lr744036.1_scyliorhinus_canicula_genome_assembly_chromosome_7_12351	Sto-Mir-221-P2_pre	100.000	61	0	0	1	61	1	61	3.18e-29	113
lr744036.1_scyliorhinus_canicula_genome_assembly_chromosome_7_12351	Sto-Mir-221-P3_pre	79.688	64	10	3	1	61	1	64	4.23e-08	43.6
lr744044.1_scyliorhinus_canicula_genome_assembly_chromosome_15_24493	Sto-Mir-205-P1_pre	98.305	59	1	0	1	59	1	59	1.83e-26	104
lr744044.1_scyliorhinus_canicula_genome_assembly_chromosome_15_24493	Sto-Mir-205-P3_pre	100.000	23	0	0	1	23	1	23	4.06e-08	43.6
lr744044.1_scyliorhinus_canicula_genome_assembly_chromosome_15_24493	Sto-Mir-205-P2_pre	91.304	23	2	0	2	24	2	24	8.78e-05	32.5
lr744044.1_scyliorhinus_canicula_genome_assembly_chromosome_15_24493	Sto-Mir-30-P2c_pre	100.000	11	0	0	20	30	21	31	0.19	21.4
lr744032.1_scyliorhinus_canicula_genome_assembly_chromosome_3_5944	Sto-Mir-103-P2_pre	100.000	60	0	0	1	60	1	60	1.12e-28	111
lr744032.1_scyliorhinus_canicula_genome_assembly_chromosome_3_5944	Sto-Mir-103-P3_pre	94.828	58	3	0	1	58	1	58	1.46e-22	91.6
lr744032.1_scyliorhinus_canicula_genome_assembly_chromosome_3_5944	Sto-Mir-103-P1_pre	91.525	59	5	0	2	60	2	60	8.78e-20	82.4
lr744048.1_scyliorhinus_canicula_genome_assembly_chromosome_19_28899	Sto-Mir-10-P3a_pre	98.387	62	1	0	1	62	1	62	4.19e-28	110
lr744048.1_scyliorhinus_canicula_genome_assembly_chromosome_19_28899	Sto-Mir-10-P3c_pre	80.952	63	7	5	1	59	1	62	1.20e-08	45.4
lr744048.1_scyliorhinus_canicula_genome_assembly_chromosome_19_28899	Sto-Mir-10-P3c_pre	94.118	17	1	0	7	23	57	41	0.004	27.0
lr744048.1_scyliorhinus_canicula_genome_assembly_chromosome_19_28899	Sto-Mir-10-P3b_pre	95.455	22	1	0	1	22	1	22	7.22e-06	36.2
lr744042.1_scyliorhinus_canicula_genome_assembly_chromosome_13_21226	Sto-Mir-34-P3c_pre	100.000	11	0	0	38	48	49	59	0.21	21.4
lr744042.1_scyliorhinus_canicula_genome_assembly_chromosome_13_21226	Sto-Mir-34-P2a_pre	100.000	11	0	0	47	57	43	53	0.21	21.4
lr744033.1_scyliorhinus_canicula_genome_assembly_chromosome_4_8140	Sto-Mir-214-v2_pre	100.000	63	0	0	1	63	1	63	2.56e-30	117
lr744033.1_scyliorhinus_canicula_genome_assembly_chromosome_4_8140	Sto-Mir-214-v1_pre	100.000	63	0	0	1	63	1	63	2.56e-30	117
lr744048.1_scyliorhinus_canicula_genome_assembly_chromosome_19_28449	Sto-Mir-196-P1_pre	100.000	58	0	0	1	58	1	58	1.39e-27	108
lr744048.1_scyliorhinus_canicula_genome_assembly_chromosome_19_28449	Sto-Mir-196-P3_pre	100.000	22	0	0	1	22	1	22	1.43e-07	41.7
lr744048.1_scyliorhinus_canicula_genome_assembly_chromosome_19_28449	Sto-Mir-130-P3b_pre	100.000	11	0	0	8	18	6	16	0.19	21.4
lr744043.1_scyliorhinus_canicula_genome_assembly_chromosome_14_22724	Sto-Mir-17-P1a_pre	100.000	58	0	0	1	58	1	58	1.39e-27	108
lr744043.1_scyliorhinus_canicula_genome_assembly_chromosome_14_22724	Sto-Mir-17-P3a_pre	85.714	42	4	1	2	41	2	43	3.97e-08	43.6
lr744043.1_scyliorhinus_canicula_genome_assembly_chromosome_14_22724	Sto-Mir-17-P3d_pre	96.000	25	1	0	1	25	1	25	1.43e-07	41.7
lr744043.1_scyliorhinus_canicula_genome_assembly_chromosome_14_22724	Sto-Mir-17-P3d_pre	90.476	21	2	0	33	53	35	55	0.001	28.8
lr744043.1_scyliorhinus_canicula_genome_assembly_chromosome_14_22724	Sto-Mir-17-P3d_pre	90.476	21	1	1	3	23	55	36	0.004	27.0
lr744043.1_scyliorhinus_canicula_genome_assembly_chromosome_14_22724	Sto-Mir-17-P3c_pre	95.833	24	1	0	2	25	2	25	5.14e-07	39.9
lr744043.1_scyliorhinus_canicula_genome_assembly_chromosome_14_22724	Sto-Mir-17-P1d_pre	83.721	43	5	2	2	42	2	44	5.14e-07	39.9
lr744031.1_scyliorhinus_canicula_genome_assembly_chromosome_2_2653	Sto-Mir-203-v2_pre	88.333	60	7	0	1	60	1	60	5.28e-17	73.1
lr744031.1_scyliorhinus_canicula_genome_assembly_chromosome_2_2653	Sto-Mir-203-v1_pre	88.333	60	7	0	1	60	1	60	5.28e-17	73.1
lr744034.1_scyliorhinus_canicula_genome_assembly_chromosome_5_9847	Sto-Mir-196-P3_pre	100.000	58	0	0	1	58	1	58	1.39e-27	108
lr744034.1_scyliorhinus_canicula_genome_assembly_chromosome_5_9847	Sto-Mir-196-P1_pre	100.000	22	0	0	1	22	1	22	1.43e-07	41.7
lr744034.1_scyliorhinus_canicula_genome_assembly_chromosome_5_9847	Sto-Mir-130-P3b_pre	100.000	11	0	0	8	18	6	16	0.19	21.4
lr744036.1_scyliorhinus_canicula_genome_assembly_chromosome_7_12202	Sto-Mir-10-P3c_pre	98.462	65	1	0	1	65	1	65	9.56e-30	115
lr744036.1_scyliorhinus_canicula_genome_assembly_chromosome_7_12202	Sto-Mir-10-P3c_pre	93.750	16	1	0	42	57	22	7	0.017	25.1
lr744036.1_scyliorhinus_canicula_genome_assembly_chromosome_7_12202	Sto-Mir-10-P3c_pre	93.750	16	1	0	7	22	57	42	0.017	25.1
lr744036.1_scyliorhinus_canicula_genome_assembly_chromosome_7_12202	Sto-Mir-10-P3a_pre	100.000	22	0	0	1	22	1	22	1.65e-07	41.7
lr744036.1_scyliorhinus_canicula_genome_assembly_chromosome_7_12202	Sto-Mir-10-P3a_pre	94.118	17	1	0	41	57	23	7	0.005	27.0
lr744036.1_scyliorhinus_canicula_genome_assembly_chromosome_7_12202	Sto-Mir-10-P3b_pre	95.455	22	1	0	1	22	1	22	7.65e-06	36.2
lr744041.1_scyliorhinus_canicula_genome_assembly_chromosome_12_20916	Sto-Mir-130-P4a_pre	100.000	64	0	0	1	64	1	64	7.25e-31	119
lr744041.1_scyliorhinus_canicula_genome_assembly_chromosome_12_20916	Sto-Mir-130-P4b_pre	84.848	66	8	1	1	64	1	66	9.58e-15	65.8
lr744041.1_scyliorhinus_canicula_genome_assembly_chromosome_12_20916	Sto-Mir-130-P4o1_pre	81.538	65	11	1	1	64	1	65	7.46e-11	52.8
lr744041.1_scyliorhinus_canicula_genome_assembly_chromosome_12_20916	Sto-Mir-130-P2b_pre	100.000	13	0	0	39	51	20	8	0.016	25.1
lr744041.1_scyliorhinus_canicula_genome_assembly_chromosome_12_20916	Sto-Mir-130-P1b_pre	93.750	16	1	0	38	53	36	51	0.016	25.1
lr744041.1_scyliorhinus_canicula_genome_assembly_chromosome_12_20916	Sto-Mir-130-P2a_pre	100.000	12	0	0	39	50	22	11	0.058	23.3
lr744041.1_scyliorhinus_canicula_genome_assembly_chromosome_12_20916	Sto-Mir-92-P1c_pre	100.000	12	0	0	42	53	50	39	0.058	23.3
lr744041.1_scyliorhinus_canicula_genome_assembly_chromosome_12_20916	Sto-Mir-130-P3b_pre	92.857	14	1	0	39	52	35	48	0.21	21.4
lr744041.1_scyliorhinus_canicula_genome_assembly_chromosome_12_20916	Sto-Mir-130-P3a_pre	92.857	14	1	0	39	52	40	53	0.21	21.4
lr744037.1_scyliorhinus_canicula_genome_assembly_chromosome_8_13827	Sto-Mir-101-P2-v2_pre	100.000	57	0	0	1	57	2	58	4.88e-27	106
lr744037.1_scyliorhinus_canicula_genome_assembly_chromosome_8_13827	Sto-Mir-101-P2-v2_pre	93.750	16	1	0	41	56	16	1	0.014	25.1
lr744037.1_scyliorhinus_canicula_genome_assembly_chromosome_8_13827	Sto-Mir-101-P2-v1_pre	100.000	57	0	0	1	57	1	57	4.88e-27	106
lr744037.1_scyliorhinus_canicula_genome_assembly_chromosome_8_13827	Sto-Mir-101-P1-v2_pre	84.211	57	9	0	1	57	2	58	4.99e-12	56.5
lr744037.1_scyliorhinus_canicula_genome_assembly_chromosome_8_13827	Sto-Mir-101-P1-v2_pre	94.444	18	1	0	39	56	18	1	0.001	28.8
lr744037.1_scyliorhinus_canicula_genome_assembly_chromosome_8_13827	Sto-Mir-101-P1-v1_pre	84.211	57	9	0	1	57	1	57	4.99e-12	56.5
lr744037.1_scyliorhinus_canicula_genome_assembly_chromosome_8_13827	Sto-Mir-101-P1-v1_pre	94.118	17	1	0	39	55	17	1	0.004	27.0
lr744043.1_scyliorhinus_canicula_genome_assembly_chromosome_14_22731	Sto-Mir-19-P2a_pre	100.000	59	0	0	1	59	3	61	3.94e-28	110
lr744043.1_scyliorhinus_canicula_genome_assembly_chromosome_14_22731	Sto-Mir-19-P2b_pre	86.667	60	6	2	1	59	3	61	8.66e-15	65.8
lr744043.1_scyliorhinus_canicula_genome_assembly_chromosome_14_22731	Sto-Mir-19-P2d_pre	81.667	60	10	1	1	59	3	62	8.72e-10	49.1
lr744043.1_scyliorhinus_canicula_genome_assembly_chromosome_14_22731	Sto-Mir-19-P1_pre	95.455	22	1	0	38	59	36	57	6.79e-06	36.2
lr744043.1_scyliorhinus_canicula_genome_assembly_chromosome_14_22731	Sto-Mir-19-P1_pre	90.000	20	0	2	39	58	18	1	0.015	25.1
lr744036.1_scyliorhinus_canicula_genome_assembly_chromosome_7_12353	Sto-Mir-221-P1_pre	100.000	63	0	0	1	63	1	63	2.61e-30	117
lr744036.1_scyliorhinus_canicula_genome_assembly_chromosome_7_12353	Sto-Mir-92-P2d_pre	100.000	11	0	0	53	63	20	30	0.21	21.4
lr744045.1_scyliorhinus_canicula_genome_assembly_chromosome_16_25754	Sto-Mir-8-P3a_pre	100.000	59	0	0	1	59	1	59	3.94e-28	110
lr744045.1_scyliorhinus_canicula_genome_assembly_chromosome_16_25754	Sto-Mir-8-P1a_pre	94.444	18	1	0	36	53	37	54	0.001	28.8
lr744042.1_scyliorhinus_canicula_genome_assembly_chromosome_13_21224	Sto-Mir-17-P3d_pre	100.000	58	0	0	1	58	1	58	1.39e-27	108
lr744042.1_scyliorhinus_canicula_genome_assembly_chromosome_13_21224	Sto-Mir-17-P3c_pre	100.000	25	0	0	2	26	2	26	3.07e-09	47.3
lr744042.1_scyliorhinus_canicula_genome_assembly_chromosome_13_21224	Sto-Mir-17-P3a_pre	81.481	54	10	0	2	55	2	55	1.10e-08	45.4
lr744042.1_scyliorhinus_canicula_genome_assembly_chromosome_13_21224	Sto-Mir-17-P1a_pre	96.000	25	1	0	1	25	1	25	1.43e-07	41.7
lr744042.1_scyliorhinus_canicula_genome_assembly_chromosome_13_21224	Sto-Mir-17-P1a_pre	90.476	21	2	0	35	55	33	53	0.001	28.8
lr744042.1_scyliorhinus_canicula_genome_assembly_chromosome_13_21224	Sto-Mir-17-P1a_pre	90.476	21	1	1	36	55	23	3	0.004	27.0
lr744042.1_scyliorhinus_canicula_genome_assembly_chromosome_13_21224	Sto-Mir-17-P1d_pre	87.500	24	3	0	2	25	2	25	0.001	28.8
lr744039.1_scyliorhinus_canicula_genome_assembly_chromosome_10_18008	Sto-Mir-128-P2_pre	96.552	58	2	0	1	58	1	58	3.00e-24	97.1
lr744039.1_scyliorhinus_canicula_genome_assembly_chromosome_10_18008	Sto-Mir-128-P3_pre	89.286	56	6	0	1	56	1	56	1.82e-16	71.3
lr744039.1_scyliorhinus_canicula_genome_assembly_chromosome_10_18008	Sto-Mir-128-P1_pre	87.719	57	5	2	2	58	2	56	8.47e-15	65.8
lr744031.1_scyliorhinus_canicula_genome_assembly_chromosome_2_3469	Sto-Mir-128-P1_pre	100.000	56	0	0	1	56	1	56	1.72e-26	104
lr744031.1_scyliorhinus_canicula_genome_assembly_chromosome_2_3469	Sto-Mir-128-P2_pre	84.211	57	7	2	2	56	2	58	1.75e-11	54.7
lr744031.1_scyliorhinus_canicula_genome_assembly_chromosome_2_3469	Sto-Mir-128-P3_pre	100.000	21	0	0	34	54	36	56	4.91e-07	39.9
lr744031.1_scyliorhinus_canicula_genome_assembly_chromosome_2_3469	Sto-Mir-8-P1a_pre	100.000	11	0	0	10	20	40	50	0.18	21.4
lr744037.1_scyliorhinus_canicula_genome_assembly_chromosome_8_14387	Sto-Mir-204-P1_pre	100.000	59	0	0	1	59	1	59	3.94e-28	110
lr744037.1_scyliorhinus_canicula_genome_assembly_chromosome_8_14387	Sto-Mir-204-P2_pre	94.118	34	1	1	1	34	1	33	2.42e-10	51.0
lr744037.1_scyliorhinus_canicula_genome_assembly_chromosome_8_14387	Sto-Mir-204-P3_pre	86.667	45	3	3	1	45	1	42	3.14e-09	47.3
lr744033.1_scyliorhinus_canicula_genome_assembly_chromosome_4_7011	Sto-Mir-27-P1_pre	100.000	64	0	0	1	64	1	64	7.25e-31	119
lr744033.1_scyliorhinus_canicula_genome_assembly_chromosome_4_7011	Sto-Mir-27-o1_pre	95.652	23	1	0	40	62	41	63	2.09e-06	38.1
lr744033.1_scyliorhinus_canicula_genome_assembly_chromosome_4_7011	Sto-Mir-27-P2_pre	100.000	20	0	0	43	62	41	60	2.09e-06	38.1
lr744033.1_scyliorhinus_canicula_genome_assembly_chromosome_4_7011	Sto-Novel-4_pre	100.000	12	0	0	15	26	46	35	0.058	23.3
lr744043.1_scyliorhinus_canicula_genome_assembly_chromosome_14_22727	Sto-Mir-19-P1_pre	100.000	58	0	0	1	58	1	58	1.39e-27	108
lr744043.1_scyliorhinus_canicula_genome_assembly_chromosome_14_22727	Sto-Mir-19-P2b_pre	95.652	23	1	0	36	58	40	62	1.85e-06	38.1
lr744043.1_scyliorhinus_canicula_genome_assembly_chromosome_14_22727	Sto-Mir-19-P2b_pre	90.000	20	0	2	1	18	60	41	0.014	25.1
lr744043.1_scyliorhinus_canicula_genome_assembly_chromosome_14_22727	Sto-Mir-19-P2a_pre	95.652	23	1	0	36	58	40	62	1.85e-06	38.1
lr744043.1_scyliorhinus_canicula_genome_assembly_chromosome_14_22727	Sto-Mir-19-P2a_pre	90.000	20	0	2	1	18	60	41	0.014	25.1
lr744036.1_scyliorhinus_canicula_genome_assembly_chromosome_7_12898	Sto-Mir-499_pre	98.276	58	1	0	1	58	1	58	6.46e-26	102
lr744036.1_scyliorhinus_canicula_genome_assembly_chromosome_7_12898	Sto-Mir-27-P2_pre	93.750	16	1	0	20	35	7	22	0.014	25.1
lr744036.1_scyliorhinus_canicula_genome_assembly_chromosome_7_12898	Sto-Mir-34-P2b_pre	85.714	21	2	1	10	30	3	22	0.19	21.4
lr744036.1_scyliorhinus_canicula_genome_assembly_chromosome_7_12898	Sto-Mir-34-P2a_pre	85.714	21	2	1	10	30	3	22	0.19	21.4
lr744036.1_scyliorhinus_canicula_genome_assembly_chromosome_7_12490	Sto-Mir-15-P2a_pre	98.462	65	1	0	1	65	1	65	9.56e-30	115
lr744036.1_scyliorhinus_canicula_genome_assembly_chromosome_7_12490	Sto-Mir-15-P2b_pre	100.000	20	0	0	1	20	1	20	2.13e-06	38.1
lr744036.1_scyliorhinus_canicula_genome_assembly_chromosome_7_12490	Sto-Mir-15-P2b_pre	91.667	24	2	0	40	63	32	55	2.75e-05	34.4
lr744037.1_scyliorhinus_canicula_genome_assembly_chromosome_8_14694	Sto-Mir-24-P2_pre	98.305	59	1	0	1	59	2	60	1.83e-26	104
lr744037.1_scyliorhinus_canicula_genome_assembly_chromosome_8_14694	Sto-Mir-24-o1_pre	87.931	58	5	2	1	57	2	58	2.41e-15	67.6
lr744037.1_scyliorhinus_canicula_genome_assembly_chromosome_8_14694	Sto-Mir-24-o1_pre	100.000	13	0	0	11	23	23	11	0.015	25.1
lr744037.1_scyliorhinus_canicula_genome_assembly_chromosome_8_14694	Sto-Mir-24-o2_pre	81.667	60	10	1	1	59	2	61	8.72e-10	49.1
lr744037.1_scyliorhinus_canicula_genome_assembly_chromosome_8_14694	Sto-Mir-24-P1_pre	81.967	61	7	2	1	59	1	59	8.72e-10	49.1
lr744037.1_scyliorhinus_canicula_genome_assembly_chromosome_8_14698	Sto-Mir-23-P2_pre	98.305	59	1	0	1	59	1	59	1.83e-26	104
lr744037.1_scyliorhinus_canicula_genome_assembly_chromosome_8_14698	Sto-Mir-23-P1_pre	85.000	60	7	2	1	59	1	59	4.03e-13	60.2
lr744037.1_scyliorhinus_canicula_genome_assembly_chromosome_8_14698	Sto-Mir-23-o1_pre	83.077	65	5	4	1	59	1	65	1.87e-11	54.7
lr744037.1_scyliorhinus_canicula_genome_assembly_chromosome_8_14698	Sto-Mir-23-o2_pre	100.000	23	0	0	37	59	37	59	4.06e-08	43.6
lr744047.1_scyliorhinus_canicula_genome_assembly_chromosome_18_27948	Sto-Mir-23-o1_pre	100.000	65	0	0	1	65	1	65	2.05e-31	121
lr744047.1_scyliorhinus_canicula_genome_assembly_chromosome_18_27948	Sto-Mir-23-P1_pre	84.615	65	4	3	1	65	1	59	4.54e-13	60.2
lr744047.1_scyliorhinus_canicula_genome_assembly_chromosome_18_27948	Sto-Mir-23-P2_pre	81.538	65	6	4	1	65	1	59	9.83e-10	49.1
lr744047.1_scyliorhinus_canicula_genome_assembly_chromosome_18_27948	Sto-Mir-23-o2_pre	100.000	23	0	0	43	65	37	59	4.57e-08	43.6
lr744042.1_scyliorhinus_canicula_genome_assembly_chromosome_13_21326	Sto-Mir-15-P2b_pre	98.246	57	1	0	1	57	1	57	2.27e-25	100
lr744042.1_scyliorhinus_canicula_genome_assembly_chromosome_13_21326	Sto-Mir-15-P2c_pre	95.238	21	1	0	1	21	1	21	2.34e-05	34.4
lr744042.1_scyliorhinus_canicula_genome_assembly_chromosome_13_21326	Sto-Mir-15-P2a_pre	91.667	24	2	0	32	55	40	63	2.34e-05	34.4
lr744042.1_scyliorhinus_canicula_genome_assembly_chromosome_13_21326	Sto-Mir-15-P2a_pre	95.000	20	1	0	1	20	1	20	8.41e-05	32.5
lr744033.1_scyliorhinus_canicula_genome_assembly_chromosome_4_7009	Sto-Mir-23-P1_pre	98.305	59	1	0	1	59	1	59	1.83e-26	104
lr744033.1_scyliorhinus_canicula_genome_assembly_chromosome_4_7009	Sto-Mir-23-o1_pre	83.077	65	5	3	1	59	1	65	1.87e-11	54.7
lr744033.1_scyliorhinus_canicula_genome_assembly_chromosome_4_7009	Sto-Mir-23-P2_pre	83.607	61	6	3	1	59	1	59	1.87e-11	54.7
lr744033.1_scyliorhinus_canicula_genome_assembly_chromosome_4_7009	Sto-Mir-23-o2_pre	83.673	49	4	4	15	59	11	59	4.06e-08	43.6
lr744054.1_scyliorhinus_canicula_genome_assembly_chromosome_25_31204	Sto-Mir-23-o2_pre	94.915	59	3	0	1	59	1	59	3.97e-23	93.5
lr744054.1_scyliorhinus_canicula_genome_assembly_chromosome_25_31204	Sto-Mir-23-o1_pre	100.000	23	0	0	37	59	43	65	4.06e-08	43.6
lr744054.1_scyliorhinus_canicula_genome_assembly_chromosome_25_31204	Sto-Mir-23-P2_pre	100.000	23	0	0	37	59	37	59	4.06e-08	43.6
lr744054.1_scyliorhinus_canicula_genome_assembly_chromosome_25_31204	Sto-Mir-23-P1_pre	83.673	49	4	4	11	59	15	59	4.06e-08	43.6
lr744054.1_scyliorhinus_canicula_genome_assembly_chromosome_25_31204	Sto-Mir-23-P1_pre	88.889	18	2	0	7	24	51	34	0.053	23.3
lr744054.1_scyliorhinus_canicula_genome_assembly_chromosome_25_31204	Sto-Mir-145_pre	100.000	11	0	0	1	11	22	12	0.19	21.4
lr744054.1_scyliorhinus_canicula_genome_assembly_chromosome_25_31204	Sto-Mir-145_pre	100.000	11	0	0	1	11	38	48	0.19	21.4
lr744054.1_scyliorhinus_canicula_genome_assembly_chromosome_25_31204	Sto-Mir-17-P1a_pre	100.000	11	0	0	18	28	34	24	0.19	21.4
lr744058.1_scyliorhinus_canicula_genome_assembly_chromosome_29_31778	Sto-Mir-17-P3d_pre	80.702	57	7	3	1	55	1	55	1.40e-07	41.7
lr744058.1_scyliorhinus_canicula_genome_assembly_chromosome_29_31778	Sto-Mir-17-P1a_pre	77.193	57	9	4	1	56	1	54	3.02e-04	30.7
lr744058.1_scyliorhinus_canicula_genome_assembly_chromosome_29_31778	Sto-Mir-17-P2a_pre	100.000	14	0	0	12	25	12	25	0.004	27.0
lr744041.1_scyliorhinus_canicula_genome_assembly_chromosome_12_20177	Sto-Mir-22-P1a_pre	100.000	63	0	0	1	63	1	63	2.56e-30	117
lr744041.1_scyliorhinus_canicula_genome_assembly_chromosome_12_20177	Sto-Mir-22-P1b_pre	80.952	63	9	3	1	63	1	60	3.40e-09	47.3
lr744040.1_scyliorhinus_canicula_genome_assembly_chromosome_11_18820	Sto-Mir-96-P1_pre	100.000	64	0	0	1	64	1	64	7.25e-31	119
lr744040.1_scyliorhinus_canicula_genome_assembly_chromosome_11_18820	Sto-Mir-27-P2_pre	100.000	12	0	0	14	25	30	41	0.058	23.3
lr744040.1_scyliorhinus_canicula_genome_assembly_chromosome_11_18820	Sto-Mir-92-P2b_pre	100.000	11	0	0	37	47	21	31	0.21	21.4
lr744035.1_scyliorhinus_canicula_genome_assembly_chromosome_6_10788	Sto-Mir-124-P2-v2_pre	100.000	56	0	0	1	56	1	56	1.72e-26	104
lr744035.1_scyliorhinus_canicula_genome_assembly_chromosome_6_10788	Sto-Mir-124-P2-v1_pre	100.000	56	0	0	1	56	1	56	1.72e-26	104
lr744035.1_scyliorhinus_canicula_genome_assembly_chromosome_6_10788	Sto-Mir-124-P1-v2_pre	98.214	56	1	0	1	56	1	56	7.99e-25	99.0
lr744035.1_scyliorhinus_canicula_genome_assembly_chromosome_6_10788	Sto-Mir-124-P1-v1_pre	98.214	56	1	0	1	56	1	56	7.99e-25	99.0
lr744035.1_scyliorhinus_canicula_genome_assembly_chromosome_6_10788	Sto-Mir-124-P3-v2_pre	96.491	57	1	1	1	56	1	57	3.72e-23	93.5
lr744035.1_scyliorhinus_canicula_genome_assembly_chromosome_6_10788	Sto-Mir-124-P3-v1_pre	96.491	57	1	1	1	56	1	57	3.72e-23	93.5
lr744035.1_scyliorhinus_canicula_genome_assembly_chromosome_6_10788	Sto-Mir-124-P4-v2_pre	94.643	56	3	0	1	56	1	56	1.73e-21	87.9
lr744035.1_scyliorhinus_canicula_genome_assembly_chromosome_6_10788	Sto-Mir-124-P4-v1_pre	94.643	56	3	0	1	56	1	56	1.73e-21	87.9
lr744036.1_scyliorhinus_canicula_genome_assembly_chromosome_7_12760	Sto-Mir-124-P3-v2_pre	100.000	57	0	0	1	57	1	57	4.88e-27	106
lr744036.1_scyliorhinus_canicula_genome_assembly_chromosome_7_12760	Sto-Mir-124-P3-v1_pre	100.000	57	0	0	1	57	1	57	4.88e-27	106
lr744036.1_scyliorhinus_canicula_genome_assembly_chromosome_7_12760	Sto-Mir-124-P1-v2_pre	98.246	57	0	1	1	57	1	56	8.17e-25	99.0
lr744036.1_scyliorhinus_canicula_genome_assembly_chromosome_7_12760	Sto-Mir-124-P1-v1_pre	98.246	57	0	1	1	57	1	56	8.17e-25	99.0
lr744036.1_scyliorhinus_canicula_genome_assembly_chromosome_7_12760	Sto-Mir-124-P2-v2_pre	96.491	57	1	1	1	57	1	56	3.80e-23	93.5
lr744036.1_scyliorhinus_canicula_genome_assembly_chromosome_7_12760	Sto-Mir-124-P2-v1_pre	96.491	57	1	1	1	57	1	56	3.80e-23	93.5
lr744036.1_scyliorhinus_canicula_genome_assembly_chromosome_7_12760	Sto-Mir-124-P4-v2_pre	91.228	57	4	1	1	57	1	56	3.83e-18	76.8
lr744036.1_scyliorhinus_canicula_genome_assembly_chromosome_7_12760	Sto-Mir-124-P4-v1_pre	91.228	57	4	1	1	57	1	56	3.83e-18	76.8
lr744032.1_scyliorhinus_canicula_genome_assembly_chromosome_3_6653	Sto-Mir-430-o28_pre	100.000	55	0	0	1	55	1	55	6.04e-26	102
lr744040.1_scyliorhinus_canicula_genome_assembly_chromosome_11_19285	Sto-Mir-135-P1_pre	100.000	59	0	0	1	59	1	59	3.94e-28	110
lr744040.1_scyliorhinus_canicula_genome_assembly_chromosome_11_19285	Sto-Mir-135-P2_pre	84.746	59	6	3	1	58	1	57	5.21e-12	56.5
lr744040.1_scyliorhinus_canicula_genome_assembly_chromosome_11_19285	Sto-Mir-135-P3_pre	81.356	59	9	2	1	58	1	58	3.14e-09	47.3
lr744044.1_scyliorhinus_canicula_genome_assembly_chromosome_15_24014	Sto-Mir-135-P3_pre	98.333	60	1	0	1	60	1	60	5.21e-27	106
lr744044.1_scyliorhinus_canicula_genome_assembly_chromosome_15_24014	Sto-Mir-135-P1_pre	83.051	59	8	2	1	58	1	58	6.88e-11	52.8
lr744044.1_scyliorhinus_canicula_genome_assembly_chromosome_15_24014	Sto-Mir-135-P2_pre	100.000	26	0	0	1	26	1	26	8.90e-10	49.1
lr744044.1_scyliorhinus_canicula_genome_assembly_chromosome_15_23495	Sto-Mir-193-P1b_pre	100.000	61	0	0	1	61	1	61	3.18e-29	113
lr744030.1_scyliorhinus_canicula_genome_assembly_chromosome_1_1165	Sto-Mir-456_pre	98.361	61	1	0	1	61	1	61	1.51e-27	108
lr744041.1_scyliorhinus_canicula_genome_assembly_chromosome_12_20917	Sto-Mir-130-P2a_pre	100.000	60	0	0	1	60	1	60	1.12e-28	111
lr744041.1_scyliorhinus_canicula_genome_assembly_chromosome_12_20917	Sto-Mir-130-P2b_pre	88.136	59	5	2	3	60	1	58	6.83e-16	69.4
lr744041.1_scyliorhinus_canicula_genome_assembly_chromosome_12_20917	Sto-Mir-130-P4o1_pre	100.000	14	0	0	12	25	50	37	0.004	27.0
lr744041.1_scyliorhinus_canicula_genome_assembly_chromosome_12_20917	Sto-Mir-8-P1a_pre	100.000	13	0	0	34	46	34	22	0.015	25.1
lr744041.1_scyliorhinus_canicula_genome_assembly_chromosome_12_20917	Sto-Mir-130-P4b_pre	100.000	12	0	0	11	22	52	41	0.054	23.3
lr744041.1_scyliorhinus_canicula_genome_assembly_chromosome_12_20917	Sto-Mir-130-P4a_pre	100.000	12	0	0	11	22	50	39	0.054	23.3
lr744041.1_scyliorhinus_canicula_genome_assembly_chromosome_12_20917	Sto-Mir-130-P3b_pre	100.000	12	0	0	36	47	35	46	0.054	23.3
lr744041.1_scyliorhinus_canicula_genome_assembly_chromosome_12_20917	Sto-Mir-130-P3a_pre	100.000	12	0	0	36	47	40	51	0.054	23.3
lr744041.1_scyliorhinus_canicula_genome_assembly_chromosome_12_20917	Sto-Mir-130-P1b_pre	93.333	15	1	0	33	47	34	48	0.054	23.3
lr744041.1_scyliorhinus_canicula_genome_assembly_chromosome_12_20917	Sto-Mir-210-P2_pre	93.333	15	0	1	15	29	16	29	0.19	21.4
lr744041.1_scyliorhinus_canicula_genome_assembly_chromosome_12_20917	Sto-Mir-34-P3c_pre	92.857	14	1	0	31	44	20	7	0.19	21.4
lr744032.1_scyliorhinus_canicula_genome_assembly_chromosome_3_6151	Sto-Mir-34-P3c_pre	100.000	64	0	0	1	64	1	64	7.25e-31	119
lr744032.1_scyliorhinus_canicula_genome_assembly_chromosome_3_6151	Sto-Mir-34-P3d_pre	91.667	24	2	0	1	24	1	24	2.70e-05	34.4
lr744032.1_scyliorhinus_canicula_genome_assembly_chromosome_3_6151	Sto-Mir-130-P2a_pre	100.000	11	0	0	10	20	41	31	0.21	21.4
lr744042.1_scyliorhinus_canicula_genome_assembly_chromosome_13_21324	Sto-Mir-15-P1b_pre	98.333	60	1	0	1	60	1	60	5.21e-27	106
lr744042.1_scyliorhinus_canicula_genome_assembly_chromosome_13_21324	Sto-Mir-15-P1c_pre	95.238	21	1	0	2	22	2	22	2.49e-05	34.4
lr744042.1_scyliorhinus_canicula_genome_assembly_chromosome_13_21324	Sto-Mir-15-P1a_pre	95.000	20	1	0	1	20	1	20	8.97e-05	32.5
lr744042.1_scyliorhinus_canicula_genome_assembly_chromosome_13_21324	Sto-Mir-24-o1_pre	100.000	13	0	0	29	41	35	23	0.015	25.1
lr744042.1_scyliorhinus_canicula_genome_assembly_chromosome_13_21324	Sto-Mir-15-P2c_pre	100.000	11	0	0	1	11	1	11	0.19	21.4
lr744047.1_scyliorhinus_canicula_genome_assembly_chromosome_18_27944	Sto-Mir-24-o1_pre	96.491	57	2	0	1	57	2	58	1.06e-23	95.3
lr744047.1_scyliorhinus_canicula_genome_assembly_chromosome_18_27944	Sto-Mir-24-o1_pre	100.000	12	0	0	11	22	23	12	0.051	23.3
lr744047.1_scyliorhinus_canicula_genome_assembly_chromosome_18_27944	Sto-Mir-24-P2_pre	86.207	58	6	2	1	57	2	58	1.07e-13	62.1
lr744047.1_scyliorhinus_canicula_genome_assembly_chromosome_18_27944	Sto-Mir-24-P1_pre	83.051	59	6	3	1	57	1	57	2.32e-10	51.0
lr744047.1_scyliorhinus_canicula_genome_assembly_chromosome_18_27944	Sto-Mir-24-o2_pre	81.356	59	8	3	1	57	2	59	1.08e-08	45.4
lr744047.1_scyliorhinus_canicula_genome_assembly_chromosome_18_27944	Sto-Mir-181-P2b_pre	100.000	13	0	0	17	29	47	35	0.014	25.1
lr744040.1_scyliorhinus_canicula_genome_assembly_chromosome_11_19591	Sto-Mir-129-P1_pre	100.000	66	0	0	1	66	1	66	5.82e-32	122
lr744040.1_scyliorhinus_canicula_genome_assembly_chromosome_11_19591	Sto-Mir-129-P2_pre	79.688	64	8	4	1	63	1	60	1.68e-07	41.7
lr744038.1_scyliorhinus_canicula_genome_assembly_chromosome_9_15872	Sto-Mir-129-P1_pre	80.952	63	11	1	1	62	1	63	9.83e-10	49.1
lr744038.1_scyliorhinus_canicula_genome_assembly_chromosome_9_15872	Sto-Mir-129-P2_pre	95.833	24	1	0	1	24	1	24	5.92e-07	39.9
lr744038.1_scyliorhinus_canicula_genome_assembly_chromosome_9_15872	Sto-Mir-129-P2_pre	95.000	20	1	0	44	63	42	61	9.90e-05	32.5
lr744030.1_scyliorhinus_canicula_genome_assembly_chromosome_1_2237	Sto-Mir-192-P2_pre	100.000	62	0	0	1	62	1	62	9.02e-30	115
lr744030.1_scyliorhinus_canicula_genome_assembly_chromosome_1_309	Sto-Mir-22-P1b_pre	96.667	60	2	0	1	60	1	60	2.42e-25	100
lr744030.1_scyliorhinus_canicula_genome_assembly_chromosome_1_309	Sto-Mir-22-P1a_pre	80.952	63	9	3	1	60	1	63	3.20e-09	47.3
lr744030.1_scyliorhinus_canicula_genome_assembly_chromosome_1_309	Sto-Mir-130-P2b_pre	100.000	11	0	0	22	32	15	25	0.19	21.4
lr744041.1_scyliorhinus_canicula_genome_assembly_chromosome_12_20920	Sto-Mir-130-P3a_pre	98.387	62	1	0	1	62	1	62	4.19e-28	110
lr744041.1_scyliorhinus_canicula_genome_assembly_chromosome_12_20920	Sto-Mir-130-P3b_pre	82.258	62	6	2	1	62	1	57	9.27e-10	49.1
lr744041.1_scyliorhinus_canicula_genome_assembly_chromosome_12_20920	Sto-Mir-130-P1b_pre	91.304	23	2	0	40	62	37	59	9.34e-05	32.5
lr744041.1_scyliorhinus_canicula_genome_assembly_chromosome_12_20920	Sto-Mir-130-P2b_pre	100.000	13	0	0	39	51	33	45	0.016	25.1
lr744041.1_scyliorhinus_canicula_genome_assembly_chromosome_12_20920	Sto-Mir-130-P2a_pre	100.000	12	0	0	40	51	36	47	0.056	23.3
lr744041.1_scyliorhinus_canicula_genome_assembly_chromosome_12_20920	Sto-Novel-3_pre	100.000	11	0	0	47	57	25	15	0.20	21.4
lr744041.1_scyliorhinus_canicula_genome_assembly_chromosome_12_20920	Sto-Mir-208-P2_pre	100.000	11	0	0	47	57	25	15	0.20	21.4
lr744041.1_scyliorhinus_canicula_genome_assembly_chromosome_12_20920	Sto-Mir-130-P4a_pre	92.857	14	1	0	40	53	39	52	0.20	21.4
lr744041.1_scyliorhinus_canicula_genome_assembly_chromosome_12_20920	Sto-Mir-92-P1c_pre	100.000	11	0	0	43	53	50	40	0.20	21.4
lr744047.1_scyliorhinus_canicula_genome_assembly_chromosome_18_27946	Sto-Mir-27-o1_pre	100.000	65	0	0	1	65	2	66	2.05e-31	121
lr744047.1_scyliorhinus_canicula_genome_assembly_chromosome_18_27946	Sto-Mir-27-P2_pre	100.000	20	0	0	43	62	41	60	2.13e-06	38.1
lr744047.1_scyliorhinus_canicula_genome_assembly_chromosome_18_27946	Sto-Mir-27-P1_pre	95.652	23	1	0	40	62	40	62	2.13e-06	38.1
lr744039.1_scyliorhinus_canicula_genome_assembly_chromosome_10_17408	Sto-Mir-138-P1_pre	100.000	61	0	0	1	61	1	61	3.18e-29	113
lr744039.1_scyliorhinus_canicula_genome_assembly_chromosome_10_17408	Sto-Mir-138-P1_pre	75.862	58	10	4	3	58	58	3	0.004	27.0
lr744039.1_scyliorhinus_canicula_genome_assembly_chromosome_10_17408	Sto-Mir-138-P2_pre	80.882	68	6	4	1	61	1	68	3.27e-09	47.3
lr744039.1_scyliorhinus_canicula_genome_assembly_chromosome_10_17408	Sto-Mir-138-P2_pre	100.000	13	0	0	46	58	15	3	0.015	25.1
lr744039.1_scyliorhinus_canicula_genome_assembly_chromosome_10_17408	Sto-Mir-138-P2_pre	100.000	13	0	0	3	15	65	53	0.015	25.1
lr744030.1_scyliorhinus_canicula_genome_assembly_chromosome_1_297	Sto-Mir-130-P1b_pre	96.667	60	2	0	1	60	1	60	2.42e-25	100
lr744030.1_scyliorhinus_canicula_genome_assembly_chromosome_1_297	Sto-Mir-130-P3b_pre	91.304	23	2	0	37	59	35	57	8.97e-05	32.5
lr744030.1_scyliorhinus_canicula_genome_assembly_chromosome_1_297	Sto-Mir-130-P3a_pre	91.304	23	2	0	37	59	40	62	8.97e-05	32.5
lr744030.1_scyliorhinus_canicula_genome_assembly_chromosome_1_297	Sto-Mir-130-P2a_pre	100.000	16	0	0	33	48	32	47	3.22e-04	30.7
lr744030.1_scyliorhinus_canicula_genome_assembly_chromosome_1_297	Sto-Mir-8-P1a_pre	100.000	13	0	0	35	47	34	22	0.015	25.1
lr744030.1_scyliorhinus_canicula_genome_assembly_chromosome_1_297	Sto-Mir-130-P4a_pre	93.333	15	1	0	37	51	39	53	0.054	23.3
lr744030.1_scyliorhinus_canicula_genome_assembly_chromosome_1_297	Sto-Mir-130-P2b_pre	100.000	12	0	0	37	48	34	45	0.054	23.3
lr744030.1_scyliorhinus_canicula_genome_assembly_chromosome_1_297	Sto-Mir-92-P1c_pre	93.333	15	1	0	40	54	50	36	0.054	23.3
lr744052.1_scyliorhinus_canicula_genome_assembly_chromosome_23_30636	Sto-Mir-129-P2_pre	96.923	65	0	1	1	65	1	63	1.60e-27	108
lr744052.1_scyliorhinus_canicula_genome_assembly_chromosome_23_30636	Sto-Mir-129-P1_pre	95.833	24	1	0	1	24	1	24	5.92e-07	39.9
lr744052.1_scyliorhinus_canicula_genome_assembly_chromosome_23_30636	Sto-Mir-129-P1_pre	90.909	22	2	0	41	62	42	63	3.56e-04	30.7
lr744052.1_scyliorhinus_canicula_genome_assembly_chromosome_23_30636	Sto-Mir-139_pre	93.333	15	0	1	22	36	12	25	0.21	21.4
lr744030.1_scyliorhinus_canicula_genome_assembly_chromosome_1_301	Sto-Mir-130-P3b_pre	100.000	55	0	0	1	55	3	57	6.04e-26	102
lr744030.1_scyliorhinus_canicula_genome_assembly_chromosome_1_301	Sto-Mir-130-P3a_pre	81.667	60	6	3	1	55	3	62	1.03e-08	45.4
lr744030.1_scyliorhinus_canicula_genome_assembly_chromosome_1_301	Sto-Mir-130-P2b_pre	100.000	17	0	0	28	44	29	45	8.03e-05	32.5
lr744030.1_scyliorhinus_canicula_genome_assembly_chromosome_1_301	Sto-Mir-130-P1b_pre	91.304	23	2	0	33	55	37	59	8.03e-05	32.5
lr744030.1_scyliorhinus_canicula_genome_assembly_chromosome_1_301	Sto-Mir-130-P2a_pre	100.000	12	0	0	33	44	36	47	0.048	23.3
lr744030.1_scyliorhinus_canicula_genome_assembly_chromosome_1_301	Sto-Novel-3_pre	100.000	11	0	0	40	50	25	15	0.17	21.4
lr744030.1_scyliorhinus_canicula_genome_assembly_chromosome_1_301	Sto-Mir-208-P2_pre	100.000	11	0	0	40	50	25	15	0.17	21.4
lr744030.1_scyliorhinus_canicula_genome_assembly_chromosome_1_301	Sto-Mir-196-P3_pre	100.000	11	0	0	4	14	8	18	0.17	21.4
lr744030.1_scyliorhinus_canicula_genome_assembly_chromosome_1_301	Sto-Mir-196-P1_pre	100.000	11	0	0	4	14	8	18	0.17	21.4
lr744030.1_scyliorhinus_canicula_genome_assembly_chromosome_1_301	Sto-Mir-130-P4a_pre	92.857	14	1	0	33	46	39	52	0.17	21.4
lr744030.1_scyliorhinus_canicula_genome_assembly_chromosome_1_301	Sto-Mir-92-P1c_pre	100.000	11	0	0	36	46	50	40	0.17	21.4
lr744030.1_scyliorhinus_canicula_genome_assembly_chromosome_1_301	Sto-Mir-8-P1a_pre	100.000	11	0	0	33	43	32	22	0.17	21.4
lr744030.1_scyliorhinus_canicula_genome_assembly_chromosome_1_291	Sto-Mir-130-P3b_pre	100.000	55	0	0	1	55	3	57	6.04e-26	102
lr744030.1_scyliorhinus_canicula_genome_assembly_chromosome_1_291	Sto-Mir-130-P3a_pre	81.667	60	6	3	1	55	3	62	1.03e-08	45.4
lr744030.1_scyliorhinus_canicula_genome_assembly_chromosome_1_291	Sto-Mir-130-P2b_pre	100.000	17	0	0	28	44	29	45	8.03e-05	32.5
lr744030.1_scyliorhinus_canicula_genome_assembly_chromosome_1_291	Sto-Mir-130-P1b_pre	91.304	23	2	0	33	55	37	59	8.03e-05	32.5
lr744030.1_scyliorhinus_canicula_genome_assembly_chromosome_1_291	Sto-Mir-130-P2a_pre	100.000	12	0	0	33	44	36	47	0.048	23.3
lr744030.1_scyliorhinus_canicula_genome_assembly_chromosome_1_291	Sto-Novel-3_pre	100.000	11	0	0	40	50	25	15	0.17	21.4
lr744030.1_scyliorhinus_canicula_genome_assembly_chromosome_1_291	Sto-Mir-208-P2_pre	100.000	11	0	0	40	50	25	15	0.17	21.4
lr744030.1_scyliorhinus_canicula_genome_assembly_chromosome_1_291	Sto-Mir-196-P3_pre	100.000	11	0	0	4	14	8	18	0.17	21.4
lr744030.1_scyliorhinus_canicula_genome_assembly_chromosome_1_291	Sto-Mir-196-P1_pre	100.000	11	0	0	4	14	8	18	0.17	21.4
lr744030.1_scyliorhinus_canicula_genome_assembly_chromosome_1_291	Sto-Mir-130-P4a_pre	92.857	14	1	0	33	46	39	52	0.17	21.4
lr744030.1_scyliorhinus_canicula_genome_assembly_chromosome_1_291	Sto-Mir-92-P1c_pre	100.000	11	0	0	36	46	50	40	0.17	21.4
lr744030.1_scyliorhinus_canicula_genome_assembly_chromosome_1_291	Sto-Mir-8-P1a_pre	100.000	11	0	0	33	43	32	22	0.17	21.4
lr744044.1_scyliorhinus_canicula_genome_assembly_chromosome_15_24149	Sto-Mir-338-P2_pre	100.000	60	0	0	1	60	1	60	1.12e-28	111
lr744044.1_scyliorhinus_canicula_genome_assembly_chromosome_15_24149	Sto-Mir-338-P1_pre	82.258	62	7	3	1	60	1	60	2.48e-10	51.0
lr744044.1_scyliorhinus_canicula_genome_assembly_chromosome_15_24149	Sto-Mir-7-P3_pre	100.000	13	0	0	47	59	10	22	0.015	25.1
lr744044.1_scyliorhinus_canicula_genome_assembly_chromosome_15_24149	Sto-Mir-7-P2_pre	100.000	13	0	0	47	59	10	22	0.015	25.1
lr744044.1_scyliorhinus_canicula_genome_assembly_chromosome_15_24149	Sto-Mir-7-P1_pre	100.000	13	0	0	47	59	10	22	0.015	25.1
lr744040.1_scyliorhinus_canicula_genome_assembly_chromosome_11_19083	Sto-Let-7-P2c1_pre	100.000	75	0	0	1	75	1	75	6.85e-37	139
lr744040.1_scyliorhinus_canicula_genome_assembly_chromosome_11_19083	Sto-Let-7-P2b2_pre	79.452	73	14	1	2	73	2	74	3.30e-10	51.0
lr744040.1_scyliorhinus_canicula_genome_assembly_chromosome_11_19083	Sto-Let-7-P1b_pre	92.308	26	1	1	2	26	2	27	9.24e-06	36.2
lr744040.1_scyliorhinus_canicula_genome_assembly_chromosome_11_19083	Sto-Let-7-P1b_pre	85.000	20	3	0	53	72	22	3	0.26	21.4
lr744040.1_scyliorhinus_canicula_genome_assembly_chromosome_11_19083	Sto-Let-7-P2a3_pre	95.238	21	1	0	2	22	2	22	3.32e-05	34.4
lr744040.1_scyliorhinus_canicula_genome_assembly_chromosome_11_19083	Sto-Let-7-P2a3_pre	82.759	29	5	0	47	75	43	71	0.006	27.0
lr744040.1_scyliorhinus_canicula_genome_assembly_chromosome_11_19083	Sto-Let-7-P2a3_pre	85.000	20	3	0	53	72	22	3	0.26	21.4
lr744040.1_scyliorhinus_canicula_genome_assembly_chromosome_11_19083	Sto-Let-7-P2a2_pre	95.238	21	1	0	2	22	2	22	3.32e-05	34.4
lr744040.1_scyliorhinus_canicula_genome_assembly_chromosome_11_19083	Sto-Let-7-P2a2_pre	85.185	27	4	0	49	75	45	71	0.002	28.8
lr744040.1_scyliorhinus_canicula_genome_assembly_chromosome_11_19083	Sto-Let-7-P2a2_pre	85.000	20	3	0	53	72	22	3	0.26	21.4
lr744040.1_scyliorhinus_canicula_genome_assembly_chromosome_11_19083	Sto-Let-7-P2a1_pre	95.238	21	1	0	2	22	2	22	3.32e-05	34.4
lr744040.1_scyliorhinus_canicula_genome_assembly_chromosome_11_19083	Sto-Let-7-P2a1_pre	86.207	29	4	0	47	75	43	71	1.20e-04	32.5
lr744040.1_scyliorhinus_canicula_genome_assembly_chromosome_11_19083	Sto-Let-7-P2a1_pre	85.000	20	3	0	53	72	22	3	0.26	21.4
lr744040.1_scyliorhinus_canicula_genome_assembly_chromosome_11_19083	Sto-Let-7-P1c_pre	95.238	21	1	0	2	22	2	22	3.32e-05	34.4
lr744040.1_scyliorhinus_canicula_genome_assembly_chromosome_11_19083	Sto-Let-7-P1c_pre	93.750	16	1	0	47	62	38	53	0.020	25.1
lr744040.1_scyliorhinus_canicula_genome_assembly_chromosome_11_19083	Sto-Let-7-P1c_pre	85.000	20	3	0	53	72	22	3	0.26	21.4
lr744040.1_scyliorhinus_canicula_genome_assembly_chromosome_11_19083	Sto-Let-7-P1a_pre	95.238	21	1	0	2	22	2	22	3.32e-05	34.4
lr744040.1_scyliorhinus_canicula_genome_assembly_chromosome_11_19083	Sto-Let-7-P1a_pre	85.000	20	3	0	53	72	22	3	0.26	21.4
lr744041.1_scyliorhinus_canicula_genome_assembly_chromosome_12_20300	Sto-Mir-144_pre	100.000	58	0	0	1	58	1	58	1.39e-27	108
lr744033.1_scyliorhinus_canicula_genome_assembly_chromosome_4_7826	Sto-Mir-137-P1_pre	100.000	59	0	0	1	59	1	59	4.03e-28	110
lr744045.1_scyliorhinus_canicula_genome_assembly_chromosome_16_24813	Sto-Mir-103-P3_pre	100.000	60	0	0	1	60	1	60	1.12e-28	111
lr744045.1_scyliorhinus_canicula_genome_assembly_chromosome_16_24813	Sto-Mir-103-P2_pre	94.828	58	3	0	1	58	1	58	1.46e-22	91.6
lr744045.1_scyliorhinus_canicula_genome_assembly_chromosome_16_24813	Sto-Mir-103-P1_pre	91.228	57	5	0	2	58	2	58	1.14e-18	78.7
lr744032.1_scyliorhinus_canicula_genome_assembly_chromosome_3_6658	Sto-Mir-430-o28_pre	83.607	61	4	3	1	61	1	55	7.03e-11	52.8
lr744032.1_scyliorhinus_canicula_genome_assembly_chromosome_3_6658	Sto-Mir-430-o29_pre	100.000	15	0	0	6	20	53	39	0.001	28.8
lr744045.1_scyliorhinus_canicula_genome_assembly_chromosome_16_25383	Sto-Mir-202_pre	100.000	58	0	0	1	58	1	58	1.39e-27	108
lr744036.1_scyliorhinus_canicula_genome_assembly_chromosome_7_12752	Sto-Mir-1388_pre	100.000	60	0	0	1	60	1	60	1.12e-28	111
lr744032.1_scyliorhinus_canicula_genome_assembly_chromosome_3_5050	Sto-Mir-190-P1_pre	87.719	57	5	2	1	57	1	55	8.84e-15	65.8
lr744032.1_scyliorhinus_canicula_genome_assembly_chromosome_3_5050	Sto-Mir-190-P1_pre	77.586	58	3	8	3	56	54	3	0.004	27.0
lr744032.1_scyliorhinus_canicula_genome_assembly_chromosome_3_5050	Sto-Mir-190-P2_pre	76.271	59	10	2	1	57	1	57	0.001	28.8
lr744032.1_scyliorhinus_canicula_genome_assembly_chromosome_3_5050	Sto-Mir-190-P2_pre	100.000	11	0	0	46	56	13	3	0.19	21.4
lr744041.1_scyliorhinus_canicula_genome_assembly_chromosome_12_20319	Sto-Mir-132-P1_pre	100.000	60	0	0	1	60	1	60	1.12e-28	111
lr744036.1_scyliorhinus_canicula_genome_assembly_chromosome_7_12488	Sto-Mir-15-P1a_pre	98.305	59	1	0	2	60	1	59	1.87e-26	104
lr744036.1_scyliorhinus_canicula_genome_assembly_chromosome_7_12488	Sto-Mir-15-P1b_pre	95.000	20	1	0	2	21	1	20	8.97e-05	32.5
lr744036.1_scyliorhinus_canicula_genome_assembly_chromosome_7_12488	Sto-Mir-15-P2c_pre	100.000	13	0	0	2	14	1	13	0.015	25.1
lr744036.1_scyliorhinus_canicula_genome_assembly_chromosome_7_12488	Sto-Mir-210-P1_pre	100.000	11	0	0	44	54	16	26	0.19	21.4
lr744030.1_scyliorhinus_canicula_genome_assembly_chromosome_1_936	Sto-Mir-216-P1a_pre	100.000	62	0	0	1	62	1	62	9.02e-30	115
lr744030.1_scyliorhinus_canicula_genome_assembly_chromosome_1_936	Sto-Mir-216-P1b_pre	86.207	29	3	1	1	28	1	29	3.36e-04	30.7
lr744052.1_scyliorhinus_canicula_genome_assembly_chromosome_23_30581	Sto-Mir-33-P1_pre	100.000	60	0	0	1	60	1	60	1.12e-28	111
lr744052.1_scyliorhinus_canicula_genome_assembly_chromosome_23_30581	Sto-Mir-33-P2_pre	100.000	25	0	0	1	25	1	25	3.20e-09	47.3
lr744046.1_scyliorhinus_canicula_genome_assembly_chromosome_17_26598	Sto-Mir-221-P3_pre	100.000	64	0	0	1	64	1	64	7.25e-31	119
lr744046.1_scyliorhinus_canicula_genome_assembly_chromosome_17_26598	Sto-Mir-221-P2_pre	79.688	64	10	3	1	64	1	61	4.49e-08	43.6
lr744046.1_scyliorhinus_canicula_genome_assembly_chromosome_17_26598	Sto-Mir-92-P1b_pre	100.000	11	0	0	53	63	19	29	0.21	21.4
lr744032.1_scyliorhinus_canicula_genome_assembly_chromosome_3_6799	Sto-Mir-193-P2b_pre	95.238	21	1	0	32	52	38	58	2.23e-05	34.4
lr744032.1_scyliorhinus_canicula_genome_assembly_chromosome_3_6799	Sto-Mir-1788_pre	100.000	12	0	0	6	17	31	42	0.048	23.3
lr744040.1_scyliorhinus_canicula_genome_assembly_chromosome_11_18849	Sto-Mir-29-P2a_pre	98.333	60	1	0	1	60	1	60	5.21e-27	106
lr744040.1_scyliorhinus_canicula_genome_assembly_chromosome_11_18849	Sto-Mir-29-P2b_pre	83.607	61	9	1	1	60	2	62	5.32e-12	56.5
lr744040.1_scyliorhinus_canicula_genome_assembly_chromosome_11_18849	Sto-Mir-29-P1b_pre	100.000	19	0	0	39	57	37	55	6.93e-06	36.2
lr744040.1_scyliorhinus_canicula_genome_assembly_chromosome_11_18849	Sto-Mir-29-P1a_pre	100.000	19	0	0	39	57	37	55	6.93e-06	36.2
lr744033.1_scyliorhinus_canicula_genome_assembly_chromosome_4_7288	Sto-Mir-214-v2_pre	100.000	59	0	0	1	59	59	1	3.94e-28	110
lr744033.1_scyliorhinus_canicula_genome_assembly_chromosome_4_7288	Sto-Mir-214-v1_pre	100.000	59	0	0	1	59	59	1	3.94e-28	110
lr744041.1_scyliorhinus_canicula_genome_assembly_chromosome_12_20557	Sto-Mir-10-P3b_pre	100.000	58	0	0	1	58	1	58	1.39e-27	108
lr744041.1_scyliorhinus_canicula_genome_assembly_chromosome_12_20557	Sto-Mir-10-P3c_pre	95.455	22	1	0	1	22	1	22	6.64e-06	36.2
lr744041.1_scyliorhinus_canicula_genome_assembly_chromosome_12_20557	Sto-Mir-10-P3a_pre	95.455	22	1	0	1	22	1	22	6.64e-06	36.2
lr744041.1_scyliorhinus_canicula_genome_assembly_chromosome_12_20557	Sto-Mir-210-P1_pre	100.000	11	0	0	36	46	15	5	0.19	21.4
lr744052.1_scyliorhinus_canicula_genome_assembly_chromosome_23_30524	Sto-Mir-150_pre	95.000	60	3	0	1	60	1	60	1.13e-23	95.3
lr744041.1_scyliorhinus_canicula_genome_assembly_chromosome_12_20555	Sto-Mir-10-P3b_pre	100.000	58	0	0	1	58	1	58	1.39e-27	108
lr744041.1_scyliorhinus_canicula_genome_assembly_chromosome_12_20555	Sto-Mir-10-P3c_pre	95.455	22	1	0	1	22	1	22	6.64e-06	36.2
lr744041.1_scyliorhinus_canicula_genome_assembly_chromosome_12_20555	Sto-Mir-10-P3a_pre	95.455	22	1	0	1	22	1	22	6.64e-06	36.2
lr744041.1_scyliorhinus_canicula_genome_assembly_chromosome_12_20555	Sto-Mir-210-P1_pre	100.000	11	0	0	36	46	15	5	0.19	21.4
lr744058.1_scyliorhinus_canicula_genome_assembly_chromosome_29_31776	Sto-Mir-17-P3c_pre	96.721	61	2	0	1	61	1	61	6.88e-26	102
lr744058.1_scyliorhinus_canicula_genome_assembly_chromosome_29_31776	Sto-Mir-17-P3d_pre	100.000	23	0	0	2	24	2	24	4.23e-08	43.6
lr744058.1_scyliorhinus_canicula_genome_assembly_chromosome_29_31776	Sto-Mir-17-P1a_pre	81.818	55	7	2	2	56	2	53	4.23e-08	43.6
lr744058.1_scyliorhinus_canicula_genome_assembly_chromosome_29_31776	Sto-Mir-17-P3a_pre	91.667	24	2	0	1	24	1	24	2.55e-05	34.4
lr744058.1_scyliorhinus_canicula_genome_assembly_chromosome_29_31776	Sto-Mir-17-P1d_pre	80.488	41	7	1	2	42	2	41	3.29e-04	30.7
lr744034.1_scyliorhinus_canicula_genome_assembly_chromosome_5_10047	Sto-Mir-32_pre	100.000	62	0	0	1	62	1	62	9.02e-30	115
lr744033.1_scyliorhinus_canicula_genome_assembly_chromosome_4_7167	Sto-Mir-101-P1-v2_pre	100.000	57	0	0	1	57	2	58	4.88e-27	106
lr744033.1_scyliorhinus_canicula_genome_assembly_chromosome_4_7167	Sto-Mir-101-P1-v2_pre	94.444	18	1	0	39	56	18	1	0.001	28.8
lr744033.1_scyliorhinus_canicula_genome_assembly_chromosome_4_7167	Sto-Mir-101-P1-v2_pre	94.118	17	1	0	1	17	56	40	0.004	27.0
lr744033.1_scyliorhinus_canicula_genome_assembly_chromosome_4_7167	Sto-Mir-101-P1-v1_pre	100.000	57	0	0	1	57	1	57	4.88e-27	106
lr744033.1_scyliorhinus_canicula_genome_assembly_chromosome_4_7167	Sto-Mir-101-P1-v1_pre	94.118	17	1	0	39	55	17	1	0.004	27.0
lr744033.1_scyliorhinus_canicula_genome_assembly_chromosome_4_7167	Sto-Mir-101-P1-v1_pre	94.118	17	1	0	1	17	55	39	0.004	27.0
lr744033.1_scyliorhinus_canicula_genome_assembly_chromosome_4_7167	Sto-Mir-101-P2-v2_pre	84.211	57	9	0	1	57	2	58	4.99e-12	56.5
lr744033.1_scyliorhinus_canicula_genome_assembly_chromosome_4_7167	Sto-Mir-101-P2-v2_pre	94.118	17	1	0	1	17	56	40	0.004	27.0
lr744033.1_scyliorhinus_canicula_genome_assembly_chromosome_4_7167	Sto-Mir-101-P2-v2_pre	93.750	16	1	0	41	56	16	1	0.014	25.1
lr744033.1_scyliorhinus_canicula_genome_assembly_chromosome_4_7167	Sto-Mir-101-P2-v1_pre	84.211	57	9	0	1	57	1	57	4.99e-12	56.5
lr744033.1_scyliorhinus_canicula_genome_assembly_chromosome_4_7167	Sto-Mir-101-P2-v1_pre	94.118	17	1	0	1	17	55	39	0.004	27.0
lr744033.1_scyliorhinus_canicula_genome_assembly_chromosome_4_7167	Sto-Mir-19-P2b_pre	100.000	13	0	0	12	24	30	42	0.014	25.1
lr744042.1_scyliorhinus_canicula_genome_assembly_chromosome_13_21229	Sto-Mir-19-P2d_pre	100.000	63	0	0	3	65	1	63	2.66e-30	117
lr744042.1_scyliorhinus_canicula_genome_assembly_chromosome_13_21229	Sto-Mir-19-P2a_pre	82.540	63	10	1	3	65	1	62	2.11e-11	54.7
lr744042.1_scyliorhinus_canicula_genome_assembly_chromosome_13_21229	Sto-Mir-19-P2b_pre	81.538	65	7	4	3	65	1	62	9.83e-10	49.1
lr744050.1_scyliorhinus_canicula_genome_assembly_chromosome_21_29912	Sto-Mir-455_pre	100.000	58	0	0	1	58	1	58	1.42e-27	108
lr744050.1_scyliorhinus_canicula_genome_assembly_chromosome_21_29912	Sto-Mir-1-P2_pre	100.000	11	0	0	46	56	22	12	0.19	21.4
lr744050.1_scyliorhinus_canicula_genome_assembly_chromosome_21_29912	Sto-Mir-1-P1_pre	100.000	11	0	0	46	56	22	12	0.19	21.4
lr744035.1_scyliorhinus_canicula_genome_assembly_chromosome_6_11332	Sto-Mir-130-P1b_pre	95.000	20	1	0	61	80	39	58	1.31e-04	32.5
lr744035.1_scyliorhinus_canicula_genome_assembly_chromosome_6_11332	Sto-Mir-130-P4a_pre	100.000	12	0	0	62	73	42	53	0.079	23.3
lr744035.1_scyliorhinus_canicula_genome_assembly_chromosome_6_11332	Sto-Mir-130-P3b_pre	100.000	12	0	0	61	72	37	48	0.079	23.3
lr744035.1_scyliorhinus_canicula_genome_assembly_chromosome_6_11332	Sto-Mir-130-P3a_pre	100.000	12	0	0	61	72	42	53	0.079	23.3
lr744035.1_scyliorhinus_canicula_genome_assembly_chromosome_6_11332	Sto-Mir-92-P1c_pre	100.000	12	0	0	62	73	50	39	0.079	23.3
lr744035.1_scyliorhinus_canicula_genome_assembly_chromosome_6_11708	Sto-Mir-124-P2-v2_pre	100.000	56	0	0	1	56	56	1	1.76e-26	104
lr744035.1_scyliorhinus_canicula_genome_assembly_chromosome_6_11708	Sto-Mir-124-P2-v1_pre	100.000	56	0	0	1	56	56	1	1.76e-26	104
lr744035.1_scyliorhinus_canicula_genome_assembly_chromosome_6_11708	Sto-Mir-124-P1-v2_pre	98.214	56	1	0	1	56	56	1	8.17e-25	99.0
lr744035.1_scyliorhinus_canicula_genome_assembly_chromosome_6_11708	Sto-Mir-124-P1-v1_pre	98.214	56	1	0	1	56	56	1	8.17e-25	99.0
lr744035.1_scyliorhinus_canicula_genome_assembly_chromosome_6_11708	Sto-Mir-124-P3-v2_pre	96.491	57	1	1	1	56	57	1	3.80e-23	93.5
lr744035.1_scyliorhinus_canicula_genome_assembly_chromosome_6_11708	Sto-Mir-124-P3-v1_pre	96.491	57	1	1	1	56	57	1	3.80e-23	93.5
lr744035.1_scyliorhinus_canicula_genome_assembly_chromosome_6_11708	Sto-Mir-124-P4-v2_pre	94.643	56	3	0	1	56	56	1	1.77e-21	87.9
lr744035.1_scyliorhinus_canicula_genome_assembly_chromosome_6_11708	Sto-Mir-124-P4-v1_pre	94.643	56	3	0	1	56	56	1	1.77e-21	87.9
lr744059.1_scyliorhinus_canicula_genome_assembly_chromosome_30_31889	Sto-Mir-92-P1c_pre	91.803	61	5	0	1	61	2	62	6.93e-21	86.1
lr744059.1_scyliorhinus_canicula_genome_assembly_chromosome_30_31889	Sto-Mir-130-P1b_pre	93.750	16	1	0	34	49	55	40	0.015	25.1
lr744059.1_scyliorhinus_canicula_genome_assembly_chromosome_30_31889	Sto-Mir-130-P4a_pre	100.000	12	0	0	38	49	53	42	0.055	23.3
lr744059.1_scyliorhinus_canicula_genome_assembly_chromosome_30_31889	Sto-Mir-130-P3b_pre	100.000	11	0	0	39	49	48	38	0.20	21.4
lr744059.1_scyliorhinus_canicula_genome_assembly_chromosome_30_31889	Sto-Mir-130-P3a_pre	100.000	11	0	0	39	49	53	43	0.20	21.4
lr744040.1_scyliorhinus_canicula_genome_assembly_chromosome_11_19381	Sto-Mir-135-P2_pre	100.000	59	0	0	1	59	1	59	3.94e-28	110
lr744040.1_scyliorhinus_canicula_genome_assembly_chromosome_11_19381	Sto-Mir-135-P1_pre	84.746	59	6	3	1	57	1	58	5.21e-12	56.5
lr744040.1_scyliorhinus_canicula_genome_assembly_chromosome_11_19381	Sto-Mir-135-P3_pre	100.000	24	0	0	1	24	1	24	1.13e-08	45.4
lr744057.1_scyliorhinus_canicula_genome_assembly_chromosome_X_32131	Sto-Mir-153-P3_pre	96.667	60	2	0	1	60	1	60	2.42e-25	100
lr744057.1_scyliorhinus_canicula_genome_assembly_chromosome_X_32131	Sto-Mir-153-P1_pre	88.889	63	2	5	1	60	1	61	5.28e-17	73.1
lr744057.1_scyliorhinus_canicula_genome_assembly_chromosome_X_32131	Sto-Mir-153-P2_pre	87.097	62	4	4	1	60	2	61	2.46e-15	67.6
lr744041.1_scyliorhinus_canicula_genome_assembly_chromosome_12_20286	Sto-Mir-21_pre	100.000	60	0	0	1	60	1	60	1.12e-28	111
lr744031.1_scyliorhinus_canicula_genome_assembly_chromosome_2_4756	Sto-Mir-153-P1_pre	100.000	61	0	0	1	61	1	61	3.18e-29	113
lr744031.1_scyliorhinus_canicula_genome_assembly_chromosome_2_4756	Sto-Mir-153-P2_pre	90.323	62	3	3	1	61	2	61	1.16e-18	78.7
lr744031.1_scyliorhinus_canicula_genome_assembly_chromosome_2_4756	Sto-Mir-153-P3_pre	85.714	63	4	5	1	61	1	60	1.17e-13	62.1
lr744034.1_scyliorhinus_canicula_genome_assembly_chromosome_5_10359	Sto-Mir-26-P3_pre	100.000	61	0	0	1	61	1	61	3.18e-29	113
lr744034.1_scyliorhinus_canicula_genome_assembly_chromosome_5_10359	Sto-Mir-26-P2_pre	86.538	52	5	2	1	51	1	51	5.43e-12	56.5
lr744034.1_scyliorhinus_canicula_genome_assembly_chromosome_5_10359	Sto-Mir-26-P1_pre	100.000	24	0	0	1	24	1	24	1.18e-08	45.4
lr744030.1_scyliorhinus_canicula_genome_assembly_chromosome_1_2239	Sto-Mir-194-P2_pre	100.000	56	0	0	1	56	1	56	1.72e-26	104
lr744030.1_scyliorhinus_canicula_genome_assembly_chromosome_1_2239	Sto-Mir-194-P1_pre	83.019	53	7	2	1	52	1	52	2.94e-09	47.3
lr744030.1_scyliorhinus_canicula_genome_assembly_chromosome_1_2239	Sto-Mir-281_pre	100.000	11	0	0	7	17	53	43	0.18	21.4
lr744045.1_scyliorhinus_canicula_genome_assembly_chromosome_16_25767	Sto-Mir-34-P1_pre	100.000	61	0	0	1	61	1	61	3.37e-29	113
lr744045.1_scyliorhinus_canicula_genome_assembly_chromosome_16_25767	Sto-Mir-34-P3a_pre	87.500	24	0	2	2	22	2	25	0.016	25.1
lr744046.1_scyliorhinus_canicula_genome_assembly_chromosome_17_26352	Sto-Mir-92-P1b_pre	98.305	59	1	0	1	59	4	62	1.83e-26	104
lr744046.1_scyliorhinus_canicula_genome_assembly_chromosome_17_26352	Sto-Mir-92-P1a_pre	100.000	23	0	0	37	59	38	60	4.06e-08	43.6
lr744046.1_scyliorhinus_canicula_genome_assembly_chromosome_17_26352	Sto-Mir-92-P1d_pre	100.000	20	0	0	38	57	38	57	1.89e-06	38.1
lr744046.1_scyliorhinus_canicula_genome_assembly_chromosome_17_26352	Sto-Mir-92-P2d_pre	89.474	19	2	0	36	54	37	55	0.015	25.1
lr744046.1_scyliorhinus_canicula_genome_assembly_chromosome_17_26352	Sto-Mir-221-P3_pre	100.000	11	0	0	16	26	53	63	0.19	21.4
lr744046.1_scyliorhinus_canicula_genome_assembly_chromosome_17_26352	Sto-Mir-7-P2_pre	100.000	11	0	0	3	13	51	41	0.19	21.4
lr744046.1_scyliorhinus_canicula_genome_assembly_chromosome_17_26354	Sto-Mir-19-P2b_pre	96.667	60	2	0	1	60	2	61	2.42e-25	100
lr744046.1_scyliorhinus_canicula_genome_assembly_chromosome_17_26354	Sto-Mir-19-P2a_pre	86.885	61	6	2	1	60	2	61	2.46e-15	67.6
lr744046.1_scyliorhinus_canicula_genome_assembly_chromosome_17_26354	Sto-Mir-19-P2d_pre	80.952	63	7	4	1	60	2	62	1.15e-08	45.4
lr744046.1_scyliorhinus_canicula_genome_assembly_chromosome_17_26354	Sto-Mir-19-P1_pre	95.455	22	1	0	39	60	36	57	6.93e-06	36.2
lr744046.1_scyliorhinus_canicula_genome_assembly_chromosome_17_26354	Sto-Mir-19-P1_pre	90.000	20	0	2	40	59	18	1	0.015	25.1
lr744042.1_scyliorhinus_canicula_genome_assembly_chromosome_13_21228	Sto-Mir-17-P1d_pre	100.000	60	0	0	1	60	1	60	1.65e-28	111
lr744042.1_scyliorhinus_canicula_genome_assembly_chromosome_13_21228	Sto-Mir-17-P3a_pre	95.833	24	1	0	2	25	2	25	7.87e-07	39.9
lr744042.1_scyliorhinus_canicula_genome_assembly_chromosome_13_21228	Sto-Mir-17-P1a_pre	83.721	43	5	2	2	44	2	42	7.87e-07	39.9
lr744042.1_scyliorhinus_canicula_genome_assembly_chromosome_13_21228	Sto-Mir-17-P3c_pre	82.927	41	6	1	2	41	2	42	1.02e-05	36.2
lr744042.1_scyliorhinus_canicula_genome_assembly_chromosome_13_21228	Sto-Mir-17-P3d_pre	87.500	24	3	0	2	25	2	25	0.002	28.8
lr744040.1_scyliorhinus_canicula_genome_assembly_chromosome_11_18271	Sto-Mir-425_pre	100.000	59	0	0	1	59	1	59	4.03e-28	110
lr744033.1_scyliorhinus_canicula_genome_assembly_chromosome_4_8352	Sto-Mir-103-P1_pre	100.000	60	0	0	1	60	1	60	1.12e-28	111
lr744033.1_scyliorhinus_canicula_genome_assembly_chromosome_4_8352	Sto-Mir-103-P2_pre	91.525	59	5	0	2	60	2	60	8.78e-20	82.4
lr744033.1_scyliorhinus_canicula_genome_assembly_chromosome_4_8352	Sto-Mir-103-P3_pre	91.228	57	5	0	2	58	2	58	1.14e-18	78.7
lr744030.1_scyliorhinus_canicula_genome_assembly_chromosome_1_295	Sto-Mir-130-P4b_pre	96.923	65	2	0	1	65	1	65	4.45e-28	110
lr744030.1_scyliorhinus_canicula_genome_assembly_chromosome_1_295	Sto-Mir-130-P4a_pre	83.077	65	9	1	1	65	1	63	1.63e-12	58.4
lr744030.1_scyliorhinus_canicula_genome_assembly_chromosome_1_295	Sto-Mir-130-P4o1_pre	77.941	68	8	5	1	65	1	64	7.65e-06	36.2
lr744030.1_scyliorhinus_canicula_genome_assembly_chromosome_1_295	Sto-Mir-130-P2b_pre	100.000	15	0	0	41	55	20	6	0.001	28.8
lr744030.1_scyliorhinus_canicula_genome_assembly_chromosome_1_295	Sto-Mir-130-P2a_pre	100.000	12	0	0	41	52	22	11	0.060	23.3
lr744030.1_scyliorhinus_canicula_genome_assembly_chromosome_1_295	Sto-Mir-92-P1d_pre	100.000	11	0	0	44	54	46	36	0.21	21.4
lr744046.1_scyliorhinus_canicula_genome_assembly_chromosome_17_26361	Sto-Mir-17-P3d_pre	81.481	54	8	2	2	53	2	55	3.97e-08	43.6
lr744046.1_scyliorhinus_canicula_genome_assembly_chromosome_17_26361	Sto-Mir-17-P1a_pre	81.481	54	8	2	2	54	2	54	3.97e-08	43.6
lr744046.1_scyliorhinus_canicula_genome_assembly_chromosome_17_26361	Sto-Mir-17-P3c_pre	95.455	22	1	0	2	23	2	23	6.64e-06	36.2
lr744046.1_scyliorhinus_canicula_genome_assembly_chromosome_17_26361	Sto-Mir-17-P3a_pre	90.909	22	2	0	2	23	2	23	3.09e-04	30.7
lr744046.1_scyliorhinus_canicula_genome_assembly_chromosome_17_26361	Sto-Mir-17-P1d_pre	86.957	23	3	0	1	23	1	23	0.004	27.0
lr744048.1_scyliorhinus_canicula_genome_assembly_chromosome_19_28400	Sto-Mir-10-P2a_pre	98.246	57	1	0	1	57	57	1	2.42e-25	100
lr744048.1_scyliorhinus_canicula_genome_assembly_chromosome_19_28400	Sto-Mir-10-P2b_pre	100.000	20	0	0	38	57	20	1	1.93e-06	38.1
lr744048.1_scyliorhinus_canicula_genome_assembly_chromosome_19_28400	Sto-Mir-10-P2c_pre	95.455	22	1	0	36	57	22	1	6.93e-06	36.2
lr744048.1_scyliorhinus_canicula_genome_assembly_chromosome_19_28400	Sto-Mir-10-P1a-v2_pre	91.667	24	1	1	34	56	24	1	8.97e-05	32.5
lr744048.1_scyliorhinus_canicula_genome_assembly_chromosome_19_28400	Sto-Mir-10-P1a-v1_pre	91.667	24	1	1	34	56	25	2	8.97e-05	32.5
lr744040.1_scyliorhinus_canicula_genome_assembly_chromosome_11_18943	Sto-Mir-205-P3_pre	98.387	62	1	0	1	62	1	62	4.19e-28	110
lr744040.1_scyliorhinus_canicula_genome_assembly_chromosome_11_18943	Sto-Mir-205-P1_pre	100.000	23	0	0	1	23	1	23	4.31e-08	43.6
lr744040.1_scyliorhinus_canicula_genome_assembly_chromosome_11_18943	Sto-Mir-205-P2_pre	90.909	22	2	0	2	23	2	23	3.36e-04	30.7
lr744040.1_scyliorhinus_canicula_genome_assembly_chromosome_11_18943	Sto-Mir-143_pre	100.000	11	0	0	49	59	35	45	0.20	21.4
lr744034.1_scyliorhinus_canicula_genome_assembly_chromosome_5_9401	Sto-Mir-153-P2_pre	100.000	57	0	0	1	57	5	61	4.88e-27	106
lr744034.1_scyliorhinus_canicula_genome_assembly_chromosome_5_9401	Sto-Mir-153-P1_pre	89.831	59	3	3	1	57	4	61	4.95e-17	73.1
lr744034.1_scyliorhinus_canicula_genome_assembly_chromosome_5_9401	Sto-Mir-153-P3_pre	83.051	59	6	4	1	57	4	60	2.32e-10	51.0
lr744042.1_scyliorhinus_canicula_genome_assembly_chromosome_13_21231	Sto-Mir-92-P1d_pre	98.246	57	1	0	1	57	1	57	2.27e-25	100
lr744042.1_scyliorhinus_canicula_genome_assembly_chromosome_13_21231	Sto-Mir-92-P1a_pre	95.833	24	1	0	34	57	35	58	5.02e-07	39.9
lr744042.1_scyliorhinus_canicula_genome_assembly_chromosome_13_21231	Sto-Mir-92-P1b_pre	100.000	20	0	0	38	57	41	60	1.81e-06	38.1
lr744042.1_scyliorhinus_canicula_genome_assembly_chromosome_13_21231	Sto-Mir-92-P2d_pre	93.750	16	1	0	39	54	40	55	0.014	25.1
lr744042.1_scyliorhinus_canicula_genome_assembly_chromosome_13_21231	Sto-Mir-7-P1_pre	90.000	20	1	1	19	37	22	41	0.014	25.1
lr744042.1_scyliorhinus_canicula_genome_assembly_chromosome_13_21231	Sto-Mir-130-P4b_pre	100.000	11	0	0	36	46	54	44	0.18	21.4
lr744042.1_scyliorhinus_canicula_genome_assembly_chromosome_13_21231	Sto-Mir-130-P2b_pre	100.000	11	0	0	36	46	7	17	0.18	21.4
lr744042.1_scyliorhinus_canicula_genome_assembly_chromosome_13_21231	Sto-Mir-34-P3a_pre	100.000	11	0	0	11	21	60	50	0.18	21.4
lr744031.1_scyliorhinus_canicula_genome_assembly_chromosome_2_3609	Sto-Mir-375_pre	96.552	58	2	0	1	58	1	58	3.00e-24	97.1
lr744058.1_scyliorhinus_canicula_genome_assembly_chromosome_29_31792	Sto-Mir-15-P2c_pre	100.000	63	0	0	1	63	1	63	2.56e-30	117
lr744058.1_scyliorhinus_canicula_genome_assembly_chromosome_29_31792	Sto-Mir-15-P2b_pre	95.238	21	1	0	1	21	1	21	2.65e-05	34.4
lr744058.1_scyliorhinus_canicula_genome_assembly_chromosome_29_31792	Sto-Mir-15-P1a_pre	100.000	13	0	0	1	13	1	13	0.016	25.1
lr744058.1_scyliorhinus_canicula_genome_assembly_chromosome_29_31792	Sto-Mir-15-P1b_pre	100.000	11	0	0	1	11	1	11	0.21	21.4
lr744044.1_scyliorhinus_canicula_genome_assembly_chromosome_15_23969	Sto-Mir-29-P2b_pre	100.000	60	0	0	1	60	3	62	1.12e-28	111
lr744044.1_scyliorhinus_canicula_genome_assembly_chromosome_15_23969	Sto-Mir-29-P2a_pre	85.000	60	8	1	1	60	2	60	4.11e-13	60.2
lr744044.1_scyliorhinus_canicula_genome_assembly_chromosome_15_23969	Sto-Mir-29-P1b_pre	100.000	20	0	0	38	57	36	55	1.93e-06	38.1
lr744044.1_scyliorhinus_canicula_genome_assembly_chromosome_15_23969	Sto-Mir-29-P1a_pre	100.000	19	0	0	39	57	37	55	6.93e-06	36.2
lr744048.1_scyliorhinus_canicula_genome_assembly_chromosome_19_28482	Sto-Mir-128-P3_pre	98.214	56	1	0	1	56	1	56	7.99e-25	99.0
lr744048.1_scyliorhinus_canicula_genome_assembly_chromosome_19_28482	Sto-Mir-128-P2_pre	89.286	56	6	0	1	56	1	56	1.74e-16	71.3
lr744048.1_scyliorhinus_canicula_genome_assembly_chromosome_19_28482	Sto-Mir-128-P1_pre	100.000	21	0	0	36	56	34	54	4.91e-07	39.9
lr744044.1_scyliorhinus_canicula_genome_assembly_chromosome_15_23497	Sto-Mir-193-P2b_pre	100.000	60	0	0	2	61	1	60	1.19e-28	111
lr744033.1_scyliorhinus_canicula_genome_assembly_chromosome_4_7432	Sto-Mir-146-o1_pre	100.000	64	0	0	1	64	1	64	7.25e-31	119
lr744033.1_scyliorhinus_canicula_genome_assembly_chromosome_4_7432	Sto-Mir-146-P3_pre	100.000	18	0	0	1	18	1	18	2.70e-05	34.4
lr744032.1_scyliorhinus_canicula_genome_assembly_chromosome_3_6662	Sto-Mir-430-o29_pre	98.276	58	1	0	1	58	1	58	6.46e-26	102
lr744032.1_scyliorhinus_canicula_genome_assembly_chromosome_3_6660	Sto-Mir-214-v2_pre	100.000	11	0	0	14	24	11	21	0.19	21.4
lr744032.1_scyliorhinus_canicula_genome_assembly_chromosome_3_6660	Sto-Mir-214-v1_pre	100.000	11	0	0	14	24	11	21	0.19	21.4
lr744034.1_scyliorhinus_canicula_genome_assembly_chromosome_5_9762	Sto-Mir-199-P1-v3_pre	95.000	20	1	0	45	64	1	20	1.01e-04	32.5
lr744034.1_scyliorhinus_canicula_genome_assembly_chromosome_5_9762	Sto-Mir-199-P1-v2_pre	95.000	20	1	0	45	64	1	20	1.01e-04	32.5
lr744034.1_scyliorhinus_canicula_genome_assembly_chromosome_5_9762	Sto-Mir-199-P1-v1_pre	95.000	20	1	0	45	64	1	20	1.01e-04	32.5
lr744034.1_scyliorhinus_canicula_genome_assembly_chromosome_5_9762	Sto-Mir-199-P3-v3_pre	95.000	20	1	0	45	64	1	20	1.01e-04	32.5
lr744034.1_scyliorhinus_canicula_genome_assembly_chromosome_5_9762	Sto-Mir-199-P3-v2_pre	95.000	20	1	0	45	64	1	20	1.01e-04	32.5
lr744034.1_scyliorhinus_canicula_genome_assembly_chromosome_5_9762	Sto-Mir-199-P3-v1_pre	95.000	20	1	0	45	64	1	20	1.01e-04	32.5
lr744032.1_scyliorhinus_canicula_genome_assembly_chromosome_3_6371	Sto-Mir-218-P1_pre	100.000	64	0	0	1	64	1	64	7.25e-31	119
lr744032.1_scyliorhinus_canicula_genome_assembly_chromosome_3_6371	Sto-Mir-218-P2_pre	90.625	64	6	0	1	64	1	64	7.35e-21	86.1
lr744038.1_scyliorhinus_canicula_genome_assembly_chromosome_9_16506	Sto-Mir-210-P1_pre	98.214	56	1	0	1	56	3	58	7.99e-25	99.0
lr744038.1_scyliorhinus_canicula_genome_assembly_chromosome_9_16506	Sto-Mir-210-P2_pre	100.000	21	0	0	36	56	38	58	4.91e-07	39.9
lr744038.1_scyliorhinus_canicula_genome_assembly_chromosome_9_16506	Sto-Mir-15-P1a_pre	100.000	11	0	0	14	24	43	53	0.18	21.4
lr744030.1_scyliorhinus_canicula_genome_assembly_chromosome_1_934	Sto-Mir-216-P1b_pre	100.000	61	0	0	1	61	1	61	3.18e-29	113
lr744030.1_scyliorhinus_canicula_genome_assembly_chromosome_1_934	Sto-Mir-216-P1a_pre	86.207	29	3	1	1	29	1	28	3.29e-04	30.7
lr744043.1_scyliorhinus_canicula_genome_assembly_chromosome_14_22730	Sto-Mir-17-P3a_pre	100.000	59	0	0	1	59	1	59	4.70e-28	110
lr744043.1_scyliorhinus_canicula_genome_assembly_chromosome_14_22730	Sto-Mir-17-P3a_pre	80.000	55	7	4	3	55	55	3	2.25e-06	38.1
lr744043.1_scyliorhinus_canicula_genome_assembly_chromosome_14_22730	Sto-Mir-17-P3d_pre	81.481	54	10	0	2	55	2	55	1.34e-08	45.4
lr744043.1_scyliorhinus_canicula_genome_assembly_chromosome_14_22730	Sto-Mir-17-P1a_pre	85.714	42	4	1	2	43	2	41	4.83e-08	43.6
lr744043.1_scyliorhinus_canicula_genome_assembly_chromosome_14_22730	Sto-Mir-17-P1d_pre	95.833	24	1	0	2	25	2	25	6.25e-07	39.9
lr744043.1_scyliorhinus_canicula_genome_assembly_chromosome_14_22730	Sto-Mir-17-P3c_pre	92.000	25	2	0	1	25	1	25	8.09e-06	36.2
lr744044.1_scyliorhinus_canicula_genome_assembly_chromosome_15_23833	Sto-Mir-210-P2_pre	98.305	59	1	0	1	59	2	60	1.83e-26	104
lr744044.1_scyliorhinus_canicula_genome_assembly_chromosome_15_23833	Sto-Mir-210-P1_pre	100.000	21	0	0	37	57	38	58	5.25e-07	39.9
lr744044.1_scyliorhinus_canicula_genome_assembly_chromosome_15_23833	Sto-Mir-130-P2a_pre	93.333	15	0	1	15	28	15	29	0.19	21.4
lr744047.1_scyliorhinus_canicula_genome_assembly_chromosome_18_26949	Sto-Mir-338-P1_pre	98.333	60	1	0	1	60	1	60	5.21e-27	106
lr744047.1_scyliorhinus_canicula_genome_assembly_chromosome_18_26949	Sto-Mir-338-P2_pre	80.645	62	8	3	1	60	1	60	1.15e-08	45.4
lr744047.1_scyliorhinus_canicula_genome_assembly_chromosome_18_26949	Sto-Mir-7-P3_pre	100.000	13	0	0	47	59	10	22	0.015	25.1
lr744047.1_scyliorhinus_canicula_genome_assembly_chromosome_18_26949	Sto-Mir-7-P2_pre	100.000	13	0	0	47	59	10	22	0.015	25.1
lr744047.1_scyliorhinus_canicula_genome_assembly_chromosome_18_26949	Sto-Mir-7-P1_pre	100.000	13	0	0	47	59	10	22	0.015	25.1
lr744053.1_scyliorhinus_canicula_genome_assembly_chromosome_24_30862	Sto-Mir-190-P1_pre	100.000	58	0	0	1	58	1	58	1.39e-27	108
lr744053.1_scyliorhinus_canicula_genome_assembly_chromosome_24_30862	Sto-Mir-190-P1_pre	82.143	56	2	6	3	54	54	3	1.43e-07	41.7
lr744053.1_scyliorhinus_canicula_genome_assembly_chromosome_24_30862	Sto-Mir-190-P2_pre	88.462	26	1	2	1	26	1	24	3.09e-04	30.7
lr744053.1_scyliorhinus_canicula_genome_assembly_chromosome_24_30862	Sto-Mir-190-P2_pre	88.000	25	2	1	31	55	34	57	0.001	28.8
lr744053.1_scyliorhinus_canicula_genome_assembly_chromosome_24_30862	Sto-Mir-190-P2_pre	100.000	13	0	0	42	54	15	3	0.014	25.1
lr744054.1_scyliorhinus_canicula_genome_assembly_chromosome_25_31202	Sto-Mir-27-P1_pre	84.375	64	7	3	1	62	2	64	4.28e-13	60.2
lr744054.1_scyliorhinus_canicula_genome_assembly_chromosome_25_31202	Sto-Mir-27-P2_pre	100.000	21	0	0	40	60	40	60	5.58e-07	39.9
lr744054.1_scyliorhinus_canicula_genome_assembly_chromosome_25_31202	Sto-Mir-27-o1_pre	95.833	24	0	1	37	60	41	63	2.01e-06	38.1
lr744054.1_scyliorhinus_canicula_genome_assembly_chromosome_25_31202	Sto-Novel-4_pre	100.000	11	0	0	15	25	44	34	0.20	21.4
lr744054.1_scyliorhinus_canicula_genome_assembly_chromosome_25_31202	Sto-Mir-10-P3c_pre	100.000	11	0	0	9	19	12	22	0.20	21.4
lr744054.1_scyliorhinus_canicula_genome_assembly_chromosome_25_31202	Sto-Mir-10-P3c_pre	100.000	11	0	0	9	19	52	42	0.20	21.4
lr744054.1_scyliorhinus_canicula_genome_assembly_chromosome_25_31202	Sto-Mir-10-P3a_pre	100.000	11	0	0	9	19	12	22	0.20	21.4
lr744031.1_scyliorhinus_canicula_genome_assembly_chromosome_2_2797	Sto-Mir-22-P1a_pre	100.000	11	0	0	49	59	27	17	0.27	21.4
lr744041.1_scyliorhinus_canicula_genome_assembly_chromosome_12_19752	Sto-Mir-9-P3_pre	98.214	56	1	0	1	56	58	3	7.99e-25	99.0
lr744041.1_scyliorhinus_canicula_genome_assembly_chromosome_12_19752	Sto-Mir-9-P3_pre	77.966	59	8	5	1	56	3	59	8.22e-05	32.5
lr744041.1_scyliorhinus_canicula_genome_assembly_chromosome_12_19752	Sto-Mir-9-P4_pre	91.071	56	4	1	1	56	57	3	1.35e-17	75.0
lr744041.1_scyliorhinus_canicula_genome_assembly_chromosome_12_19752	Sto-Mir-9-P4_pre	90.476	21	2	0	1	21	3	23	0.001	28.8
lr744041.1_scyliorhinus_canicula_genome_assembly_chromosome_12_19752	Sto-Mir-9-P2_pre	85.714	56	7	1	1	56	57	3	1.36e-12	58.4
lr744041.1_scyliorhinus_canicula_genome_assembly_chromosome_12_19752	Sto-Mir-9-P2_pre	90.476	21	2	0	1	21	3	23	0.001	28.8
lr744041.1_scyliorhinus_canicula_genome_assembly_chromosome_12_19752	Sto-Mir-9-P2_pre	90.909	22	1	1	36	56	37	58	0.001	28.8
lr744044.1_scyliorhinus_canicula_genome_assembly_chromosome_15_23971	Sto-Mir-29-P1b_pre	100.000	60	0	0	1	60	1	60	1.12e-28	111
lr744044.1_scyliorhinus_canicula_genome_assembly_chromosome_15_23971	Sto-Mir-29-P1a_pre	82.258	62	7	3	1	60	1	60	2.48e-10	51.0
lr744044.1_scyliorhinus_canicula_genome_assembly_chromosome_15_23971	Sto-Mir-29-P2b_pre	100.000	20	0	0	36	55	40	59	1.93e-06	38.1
lr744044.1_scyliorhinus_canicula_genome_assembly_chromosome_15_23971	Sto-Mir-29-P2a_pre	100.000	19	0	0	37	55	39	57	6.93e-06	36.2
lr744048.1_scyliorhinus_canicula_genome_assembly_chromosome_19_28432	Sto-Mir-148-P2_pre	98.387	62	1	0	1	62	2	63	4.28e-28	110
lr744048.1_scyliorhinus_canicula_genome_assembly_chromosome_19_28432	Sto-Mir-148-P1_pre	92.000	25	2	0	38	62	35	59	7.36e-06	36.2
lr744048.1_scyliorhinus_canicula_genome_assembly_chromosome_19_28434	Sto-Mir-148-P2_pre	98.387	62	1	0	1	62	2	63	4.28e-28	110
lr744048.1_scyliorhinus_canicula_genome_assembly_chromosome_19_28434	Sto-Mir-148-P1_pre	92.000	25	2	0	38	62	35	59	7.36e-06	36.2
lr744036.1_scyliorhinus_canicula_genome_assembly_chromosome_7_12218	Sto-Mir-155_pre	100.000	61	0	0	1	61	1	61	3.18e-29	113
lr744040.1_scyliorhinus_canicula_genome_assembly_chromosome_11_18851	Sto-Mir-29-P1a_pre	100.000	60	0	0	1	60	1	60	1.12e-28	111
lr744040.1_scyliorhinus_canicula_genome_assembly_chromosome_11_18851	Sto-Mir-29-P1b_pre	82.258	62	7	3	1	60	1	60	2.48e-10	51.0
lr744040.1_scyliorhinus_canicula_genome_assembly_chromosome_11_18851	Sto-Mir-29-P2b_pre	100.000	19	0	0	37	55	41	59	6.93e-06	36.2
lr744040.1_scyliorhinus_canicula_genome_assembly_chromosome_11_18851	Sto-Mir-29-P2a_pre	100.000	19	0	0	37	55	39	57	6.93e-06	36.2
lr744032.1_scyliorhinus_canicula_genome_assembly_chromosome_3_6652	Sto-Mir-430-o30_pre	92.857	14	1	0	32	45	33	46	0.18	21.4
lr744032.1_scyliorhinus_canicula_genome_assembly_chromosome_3_6652	Sto-Mir-430-o28_pre	92.857	14	1	0	31	44	28	41	0.18	21.4
lr744034.1_scyliorhinus_canicula_genome_assembly_chromosome_5_9876	Sto-Mir-455_pre	100.000	11	0	0	23	33	41	31	0.27	21.4
lr744059.1_scyliorhinus_canicula_genome_assembly_chromosome_30_31884	Sto-Mir-190-P2_pre	93.443	61	3	1	1	61	1	60	5.36e-22	89.8
lr744059.1_scyliorhinus_canicula_genome_assembly_chromosome_30_31884	Sto-Mir-190-P1_pre	88.462	26	1	2	1	24	1	26	3.29e-04	30.7
lr744059.1_scyliorhinus_canicula_genome_assembly_chromosome_30_31884	Sto-Mir-190-P1_pre	100.000	13	0	0	3	15	54	42	0.015	25.1
lr744050.1_scyliorhinus_canicula_genome_assembly_chromosome_21_29906	Sto-Mir-219-P1-v2_pre	100.000	67	0	0	1	67	1	67	1.65e-32	124
lr744050.1_scyliorhinus_canicula_genome_assembly_chromosome_21_29906	Sto-Mir-219-P1-v1_pre	100.000	67	0	0	1	67	1	67	1.65e-32	124
lr744050.1_scyliorhinus_canicula_genome_assembly_chromosome_21_29906	Sto-Mir-219-P2_pre	96.000	25	1	0	1	25	1	25	1.71e-07	41.7
lr744047.1_scyliorhinus_canicula_genome_assembly_chromosome_18_27995	Sto-Mir-204-P3_pre	98.214	56	0	1	1	56	1	55	2.94e-24	97.1
lr744047.1_scyliorhinus_canicula_genome_assembly_chromosome_18_27995	Sto-Mir-204-P1_pre	100.000	24	0	0	1	24	1	24	1.08e-08	45.4
lr744047.1_scyliorhinus_canicula_genome_assembly_chromosome_18_27995	Sto-Mir-204-P2_pre	95.833	24	1	0	1	24	1	24	5.02e-07	39.9
lr744047.1_scyliorhinus_canicula_genome_assembly_chromosome_18_26950	Sto-Mir-338-P2_pre	100.000	23	0	0	1	23	38	60	4.92e-08	43.6
lr744047.1_scyliorhinus_canicula_genome_assembly_chromosome_18_26950	Sto-Mir-338-P1_pre	100.000	23	0	0	1	23	38	60	4.92e-08	43.6
lr744047.1_scyliorhinus_canicula_genome_assembly_chromosome_18_26950	Sto-Mir-7-P3_pre	100.000	13	0	0	10	22	10	22	0.018	25.1
lr744047.1_scyliorhinus_canicula_genome_assembly_chromosome_18_26950	Sto-Mir-7-P2_pre	100.000	13	0	0	10	22	10	22	0.018	25.1
lr744047.1_scyliorhinus_canicula_genome_assembly_chromosome_18_26950	Sto-Mir-7-P1_pre	100.000	13	0	0	10	22	10	22	0.018	25.1
lr744032.1_scyliorhinus_canicula_genome_assembly_chromosome_3_5949	Sto-Mir-146-P3_pre	100.000	65	0	0	1	65	1	65	2.09e-31	121
lr744032.1_scyliorhinus_canicula_genome_assembly_chromosome_3_5949	Sto-Mir-146-o1_pre	100.000	18	0	0	1	18	1	18	2.80e-05	34.4
lr744054.1_scyliorhinus_canicula_genome_assembly_chromosome_25_31215	Sto-Mir-181-P2c_pre	96.667	60	2	0	1	60	1	60	2.47e-25	100
lr744054.1_scyliorhinus_canicula_genome_assembly_chromosome_25_31215	Sto-Mir-181-P2a_pre	89.831	59	3	3	1	57	1	58	5.39e-17	73.1
lr744054.1_scyliorhinus_canicula_genome_assembly_chromosome_25_31215	Sto-Mir-181-P2b_pre	100.000	24	0	0	1	24	1	24	1.18e-08	45.4
lr744046.1_scyliorhinus_canicula_genome_assembly_chromosome_17_26350	Sto-Mir-92-P2b_pre	98.438	64	1	0	1	64	1	64	3.37e-29	113
