bfaa01000459.1_scyliorhinus_torazame_dna_scf_scyto00000459_4006	Sto-Mir-10-P2a_pre	100.000	58	0	0	1	58	1	58	1.39e-27	108
bfaa01000459.1_scyliorhinus_torazame_dna_scf_scyto00000459_4006	Sto-Mir-10-P2b_pre	100.000	20	0	0	1	20	1	20	1.85e-06	38.1
bfaa01000459.1_scyliorhinus_torazame_dna_scf_scyto00000459_4006	Sto-Mir-10-P2c_pre	95.455	22	1	0	1	22	1	22	6.64e-06	36.2
bfaa01000459.1_scyliorhinus_torazame_dna_scf_scyto00000459_4006	Sto-Mir-10-P1a-v2_pre	91.667	24	1	1	2	24	1	24	8.59e-05	32.5
bfaa01000459.1_scyliorhinus_torazame_dna_scf_scyto00000459_4006	Sto-Mir-10-P1a-v1_pre	91.667	24	1	1	2	24	2	25	8.59e-05	32.5
bfaa01001513.1_scyliorhinus_torazame_dna_scf_scyto00001513_8779	Sto-Mir-1-P1_pre	100.000	61	0	0	1	61	1	61	3.18e-29	113
bfaa01001513.1_scyliorhinus_torazame_dna_scf_scyto00001513_8779	Sto-Mir-1-P1_pre	78.125	64	4	7	1	59	59	1	9.15e-05	32.5
bfaa01001513.1_scyliorhinus_torazame_dna_scf_scyto00001513_8779	Sto-Mir-1-P2_pre	93.548	62	2	2	1	61	1	61	1.49e-22	91.6
bfaa01001513.1_scyliorhinus_torazame_dna_scf_scyto00001513_8779	Sto-Mir-1-P2_pre	86.957	23	2	1	38	59	23	1	0.015	25.1
bfaa01001513.1_scyliorhinus_torazame_dna_scf_scyto00001513_8779	Sto-Mir-1-P2_pre	86.957	23	2	1	1	23	59	38	0.015	25.1
bfaa01001513.1_scyliorhinus_torazame_dna_scf_scyto00001513_8779	Sto-Mir-1-P4_pre	88.333	60	6	1	1	60	1	59	1.94e-16	71.3
bfaa01001513.1_scyliorhinus_torazame_dna_scf_scyto00001513_8779	Sto-Mir-1-P4_pre	86.957	23	2	1	1	23	58	37	0.015	25.1
bfaa01001513.1_scyliorhinus_torazame_dna_scf_scyto00001513_8779	Sto-Mir-455_pre	100.000	11	0	0	12	22	56	46	0.20	21.4
bfaa01002411.1_scyliorhinus_torazame_dna_scf_scyto00002411_11741	Sto-Mir-1-P2_pre	100.000	61	0	0	1	61	1	61	3.18e-29	113
bfaa01002411.1_scyliorhinus_torazame_dna_scf_scyto00002411_11741	Sto-Mir-1-P2_pre	86.957	23	2	1	38	59	23	1	0.015	25.1
bfaa01002411.1_scyliorhinus_torazame_dna_scf_scyto00002411_11741	Sto-Mir-1-P2_pre	86.957	23	2	1	1	23	59	38	0.015	25.1
bfaa01002411.1_scyliorhinus_torazame_dna_scf_scyto00002411_11741	Sto-Mir-1-P1_pre	93.548	62	2	2	1	61	1	61	1.49e-22	91.6
bfaa01002411.1_scyliorhinus_torazame_dna_scf_scyto00002411_11741	Sto-Mir-1-P1_pre	86.957	23	2	1	38	59	23	1	0.015	25.1
bfaa01002411.1_scyliorhinus_torazame_dna_scf_scyto00002411_11741	Sto-Mir-1-P1_pre	86.957	23	2	1	1	23	59	38	0.015	25.1
bfaa01002411.1_scyliorhinus_torazame_dna_scf_scyto00002411_11741	Sto-Mir-1-P4_pre	83.607	61	7	2	1	60	1	59	1.95e-11	54.7
bfaa01002411.1_scyliorhinus_torazame_dna_scf_scyto00002411_11741	Sto-Mir-1-P4_pre	86.957	23	2	1	1	23	58	37	0.015	25.1
bfaa01002411.1_scyliorhinus_torazame_dna_scf_scyto00002411_11741	Sto-Mir-455_pre	100.000	11	0	0	12	22	56	46	0.20	21.4
bfaa01009687.1_scyliorhinus_torazame_dna_scf_scyto00009687_23028	Sto-Mir-1-P4_pre	100.000	59	0	0	1	59	1	59	4.03e-28	110
bfaa01009687.1_scyliorhinus_torazame_dna_scf_scyto00009687_23028	Sto-Mir-1-P1_pre	88.525	61	6	1	1	60	1	61	5.28e-17	73.1
bfaa01009687.1_scyliorhinus_torazame_dna_scf_scyto00009687_23028	Sto-Mir-1-P1_pre	86.957	23	2	1	37	58	23	1	0.015	25.1
bfaa01009687.1_scyliorhinus_torazame_dna_scf_scyto00009687_23028	Sto-Mir-1-P2_pre	83.871	62	7	2	1	60	1	61	5.32e-12	56.5
bfaa01009687.1_scyliorhinus_torazame_dna_scf_scyto00009687_23028	Sto-Mir-1-P2_pre	86.957	23	2	1	37	58	23	1	0.015	25.1
bfaa01004379.1_scyliorhinus_torazame_dna_scf_scyto00004379_16293	Sto-Mir-7-P1_pre	100.000	63	0	0	1	63	1	63	2.56e-30	117
bfaa01004379.1_scyliorhinus_torazame_dna_scf_scyto00004379_16293	Sto-Mir-7-P3_pre	89.231	65	5	1	1	63	1	65	3.35e-19	80.5
bfaa01004379.1_scyliorhinus_torazame_dna_scf_scyto00004379_16293	Sto-Mir-7-P2_pre	85.246	61	6	3	1	60	1	59	4.37e-13	60.2
bfaa01004379.1_scyliorhinus_torazame_dna_scf_scyto00004379_16293	Sto-Mir-338-P2_pre	100.000	13	0	0	10	22	47	59	0.016	25.1
bfaa01004379.1_scyliorhinus_torazame_dna_scf_scyto00004379_16293	Sto-Mir-338-P1_pre	100.000	13	0	0	10	22	47	59	0.016	25.1
bfaa01004379.1_scyliorhinus_torazame_dna_scf_scyto00004379_16293	Sto-Mir-92-P1d_pre	90.000	20	1	1	22	41	19	37	0.016	25.1
bfaa01004379.1_scyliorhinus_torazame_dna_scf_scyto00004379_16293	Sto-Let-7-P2b2_pre	100.000	11	0	0	9	19	29	39	0.21	21.4
bfaa01252006.1_scyliorhinus_torazame_dna_scf_scyto00252007_30634	Sto-Mir-7-P3_pre	100.000	65	0	0	1	65	1	65	2.05e-31	121
bfaa01252006.1_scyliorhinus_torazame_dna_scf_scyto00252007_30634	Sto-Mir-7-P1_pre	89.231	65	5	1	1	65	1	63	3.49e-19	80.5
bfaa01252006.1_scyliorhinus_torazame_dna_scf_scyto00252007_30634	Sto-Mir-7-P2_pre	80.645	62	9	2	1	62	1	59	1.27e-08	45.4
bfaa01252006.1_scyliorhinus_torazame_dna_scf_scyto00252007_30634	Sto-Mir-338-P2_pre	100.000	13	0	0	10	22	47	59	0.017	25.1
bfaa01252006.1_scyliorhinus_torazame_dna_scf_scyto00252007_30634	Sto-Mir-338-P1_pre	100.000	13	0	0	10	22	47	59	0.017	25.1
bfaa01252006.1_scyliorhinus_torazame_dna_scf_scyto00252007_30634	Sto-Let-7-P2b2_pre	100.000	11	0	0	9	19	29	39	0.21	21.4
bfaa01001523.1_scyliorhinus_torazame_dna_scf_scyto00001523_8839	Sto-Mir-10-P1b-v2_pre	100.000	57	0	0	1	57	1	57	4.88e-27	106
bfaa01001523.1_scyliorhinus_torazame_dna_scf_scyto00001523_8839	Sto-Mir-10-P1b-v1_pre	100.000	57	0	0	1	57	2	58	4.88e-27	106
bfaa01001523.1_scyliorhinus_torazame_dna_scf_scyto00001523_8839	Sto-Mir-10-P1a-v2_pre	83.607	61	6	2	1	57	1	61	1.79e-11	54.7
bfaa01001523.1_scyliorhinus_torazame_dna_scf_scyto00001523_8839	Sto-Mir-10-P1a-v1_pre	83.607	61	6	2	1	57	2	62	1.79e-11	54.7
bfaa01022211.1_scyliorhinus_torazame_dna_scf_scyto00022211_27474	Sto-Mir-148-P1_pre	100.000	59	0	0	1	59	1	59	3.94e-28	110
bfaa01022211.1_scyliorhinus_torazame_dna_scf_scyto00022211_27474	Sto-Mir-148-P1_pre	100.000	11	0	0	47	57	11	1	0.19	21.4
bfaa01022211.1_scyliorhinus_torazame_dna_scf_scyto00022211_27474	Sto-Mir-148-P1_pre	100.000	11	0	0	1	11	57	47	0.19	21.4
bfaa01022211.1_scyliorhinus_torazame_dna_scf_scyto00022211_27474	Sto-Mir-148-P2_pre	79.688	64	6	5	1	59	2	63	5.25e-07	39.9
bfaa01001536.1_scyliorhinus_torazame_dna_scf_scyto00001536_8893	Sto-Mir-9-P2_pre	100.000	61	0	0	1	61	1	61	3.18e-29	113
bfaa01001536.1_scyliorhinus_torazame_dna_scf_scyto00001536_8893	Sto-Mir-9-P2_pre	80.000	60	8	4	2	59	59	2	1.52e-07	41.7
bfaa01001536.1_scyliorhinus_torazame_dna_scf_scyto00001536_8893	Sto-Mir-9-P3_pre	88.710	62	6	1	1	61	1	62	1.50e-17	75.0
bfaa01001536.1_scyliorhinus_torazame_dna_scf_scyto00001536_8893	Sto-Mir-9-P3_pre	78.689	61	8	4	2	59	60	2	7.08e-06	36.2
bfaa01001536.1_scyliorhinus_torazame_dna_scf_scyto00001536_8893	Sto-Mir-9-P4_pre	85.246	61	9	0	1	61	1	61	3.25e-14	63.9
bfaa01001536.1_scyliorhinus_torazame_dna_scf_scyto00001536_8893	Sto-Mir-9-P4_pre	91.304	23	1	1	37	59	23	2	3.29e-04	30.7
bfaa01002459.1_scyliorhinus_torazame_dna_scf_scyto00002459_11884	Sto-Mir-9-P3_pre	100.000	62	0	0	1	62	1	62	9.02e-30	115
bfaa01002459.1_scyliorhinus_torazame_dna_scf_scyto00002459_11884	Sto-Mir-9-P3_pre	80.645	62	6	6	2	60	60	2	4.31e-08	43.6
bfaa01002459.1_scyliorhinus_torazame_dna_scf_scyto00002459_11884	Sto-Mir-9-P4_pre	91.935	62	4	1	1	62	1	61	7.07e-21	86.1
bfaa01002459.1_scyliorhinus_torazame_dna_scf_scyto00002459_11884	Sto-Mir-9-P4_pre	91.304	23	1	1	38	60	23	2	3.36e-04	30.7
bfaa01002459.1_scyliorhinus_torazame_dna_scf_scyto00002459_11884	Sto-Mir-9-P2_pre	88.710	62	6	1	1	62	1	61	1.53e-17	75.0
bfaa01002459.1_scyliorhinus_torazame_dna_scf_scyto00002459_11884	Sto-Mir-9-P2_pre	78.689	61	8	4	2	60	59	2	7.22e-06	36.2
bfaa01002607.1_scyliorhinus_torazame_dna_scf_scyto00002607_12288	Sto-Mir-9-P4_pre	100.000	61	0	0	1	61	1	61	3.18e-29	113
bfaa01002607.1_scyliorhinus_torazame_dna_scf_scyto00002607_12288	Sto-Mir-9-P3_pre	91.935	62	4	1	1	61	1	62	6.93e-21	86.1
bfaa01002607.1_scyliorhinus_torazame_dna_scf_scyto00002607_12288	Sto-Mir-9-P3_pre	91.304	23	1	1	2	23	60	38	3.29e-04	30.7
bfaa01002607.1_scyliorhinus_torazame_dna_scf_scyto00002607_12288	Sto-Mir-9-P2_pre	85.246	61	9	0	1	61	1	61	3.25e-14	63.9
bfaa01002607.1_scyliorhinus_torazame_dna_scf_scyto00002607_12288	Sto-Mir-9-P2_pre	91.304	23	1	1	2	23	59	37	3.29e-04	30.7
bfaa01000145.1_scyliorhinus_torazame_dna_scf_scyto00000145_1675	Sto-Mir-10-P1a-v1_pre	100.000	62	0	0	1	62	1	62	9.02e-30	115
bfaa01000145.1_scyliorhinus_torazame_dna_scf_scyto00000145_1675	Sto-Mir-10-P1a-v2_pre	100.000	61	0	0	2	62	1	61	3.24e-29	113
bfaa01000145.1_scyliorhinus_torazame_dna_scf_scyto00000145_1675	Sto-Mir-10-P1b-v1_pre	83.871	62	6	2	1	62	1	58	5.54e-12	56.5
bfaa01000145.1_scyliorhinus_torazame_dna_scf_scyto00000145_1675	Sto-Mir-10-P1b-v2_pre	83.607	61	6	2	2	62	1	57	1.99e-11	54.7
bfaa01000145.1_scyliorhinus_torazame_dna_scf_scyto00000145_1675	Sto-Mir-10-P2a_pre	91.667	24	1	1	2	25	2	24	9.34e-05	32.5
bfaa01000145.1_scyliorhinus_torazame_dna_scf_scyto00000145_1675	Sto-Mir-10-P2b_pre	90.000	20	1	1	2	21	2	20	0.016	25.1
bfaa01000443.1_scyliorhinus_torazame_dna_scf_scyto00000443_3891	Sto-Mir-199-P1-v3_pre	100.000	61	0	0	1	61	1	61	3.18e-29	113
bfaa01000443.1_scyliorhinus_torazame_dna_scf_scyto00000443_3891	Sto-Mir-199-P1-v2_pre	100.000	61	0	0	1	61	1	61	3.18e-29	113
bfaa01000443.1_scyliorhinus_torazame_dna_scf_scyto00000443_3891	Sto-Mir-199-P1-v1_pre	100.000	61	0	0	1	61	1	61	3.18e-29	113
bfaa01000443.1_scyliorhinus_torazame_dna_scf_scyto00000443_3891	Sto-Mir-199-P3-v3_pre	91.803	61	5	0	1	61	1	61	6.93e-21	86.1
bfaa01000443.1_scyliorhinus_torazame_dna_scf_scyto00000443_3891	Sto-Mir-199-P3-v2_pre	91.803	61	5	0	1	61	1	61	6.93e-21	86.1
bfaa01000443.1_scyliorhinus_torazame_dna_scf_scyto00000443_3891	Sto-Mir-199-P3-v1_pre	91.803	61	5	0	1	61	1	61	6.93e-21	86.1
bfaa01007060.1_scyliorhinus_torazame_dna_scf_scyto00007060_20472	Sto-Mir-199-P3-v3_pre	100.000	61	0	0	1	61	1	61	3.18e-29	113
bfaa01007060.1_scyliorhinus_torazame_dna_scf_scyto00007060_20472	Sto-Mir-199-P3-v2_pre	100.000	61	0	0	1	61	1	61	3.18e-29	113
bfaa01007060.1_scyliorhinus_torazame_dna_scf_scyto00007060_20472	Sto-Mir-199-P3-v1_pre	100.000	61	0	0	1	61	1	61	3.18e-29	113
bfaa01007060.1_scyliorhinus_torazame_dna_scf_scyto00007060_20472	Sto-Mir-199-P1-v3_pre	91.803	61	5	0	1	61	1	61	6.93e-21	86.1
bfaa01007060.1_scyliorhinus_torazame_dna_scf_scyto00007060_20472	Sto-Mir-199-P1-v2_pre	91.803	61	5	0	1	61	1	61	6.93e-21	86.1
bfaa01007060.1_scyliorhinus_torazame_dna_scf_scyto00007060_20472	Sto-Mir-199-P1-v1_pre	91.803	61	5	0	1	61	1	61	6.93e-21	86.1
bfaa01000077.1_scyliorhinus_torazame_dna_scf_scyto00000077_1025	Sto-Mir-143_pre	100.000	55	0	0	1	55	1	55	6.04e-26	102
bfaa01000077.1_scyliorhinus_torazame_dna_scf_scyto00000077_1025	Sto-Mir-205-P3_pre	100.000	11	0	0	35	45	49	59	0.17	21.4
bfaa01001400.1_scyliorhinus_torazame_dna_scf_scyto00001400_8406	Sto-Mir-30-P1c_pre	100.000	63	0	0	1	63	1	63	2.56e-30	117
bfaa01001400.1_scyliorhinus_torazame_dna_scf_scyto00001400_8406	Sto-Mir-30-P1b_pre	78.689	61	11	2	1	60	1	60	5.69e-07	39.9
bfaa01001400.1_scyliorhinus_torazame_dna_scf_scyto00001400_8406	Sto-Mir-30-P2c_pre	100.000	11	0	0	1	11	1	11	0.21	21.4
bfaa01001400.1_scyliorhinus_torazame_dna_scf_scyto00001400_8406	Sto-Mir-30-P2b_pre	100.000	11	0	0	1	11	1	11	0.21	21.4
bfaa01001400.1_scyliorhinus_torazame_dna_scf_scyto00001400_8406	Sto-Mir-30-P2a_pre	100.000	11	0	0	1	11	1	11	0.21	21.4
bfaa01000935.1_scyliorhinus_torazame_dna_scf_scyto00000935_6430	Sto-Mir-203-v2_pre	100.000	60	0	0	1	60	1	60	1.12e-28	111
bfaa01000935.1_scyliorhinus_torazame_dna_scf_scyto00000935_6430	Sto-Mir-203-v1_pre	100.000	60	0	0	1	60	1	60	1.12e-28	111
bfaa01005240.1_scyliorhinus_torazame_dna_scf_scyto00005240_17833	Sto-Mir-30-P2b_pre	100.000	60	0	0	1	60	1	60	1.12e-28	111
bfaa01005240.1_scyliorhinus_torazame_dna_scf_scyto00005240_17833	Sto-Mir-30-P2a_pre	96.296	27	1	0	1	27	1	27	1.15e-08	45.4
bfaa01005240.1_scyliorhinus_torazame_dna_scf_scyto00005240_17833	Sto-Mir-30-P2c_pre	92.308	26	0	1	1	26	1	24	6.93e-06	36.2
bfaa01005240.1_scyliorhinus_torazame_dna_scf_scyto00005240_17833	Sto-Mir-30-P1b_pre	100.000	12	0	0	1	12	1	12	0.054	23.3
bfaa01005240.1_scyliorhinus_torazame_dna_scf_scyto00005240_17833	Sto-Mir-30-P1c_pre	100.000	11	0	0	1	11	1	11	0.19	21.4
bfaa01000031.1_scyliorhinus_torazame_dna_scf_scyto00000031_493	Sto-Mir-8-P2a_pre	100.000	59	0	0	1	59	1	59	3.94e-28	110
bfaa01000092.1_scyliorhinus_torazame_dna_scf_scyto00000092_1175	Sto-Mir-140-v2_pre	100.000	61	0	0	1	61	1	61	3.18e-29	113
bfaa01000092.1_scyliorhinus_torazame_dna_scf_scyto00000092_1175	Sto-Mir-140-v1_pre	100.000	61	0	0	1	61	1	61	3.18e-29	113
bfaa01004985.1_scyliorhinus_torazame_dna_scf_scyto00004985_17393	Sto-Mir-181-P1b_pre	100.000	63	0	0	1	63	1	63	2.56e-30	117
bfaa01004985.1_scyliorhinus_torazame_dna_scf_scyto00004985_17393	Sto-Mir-181-P1c_pre	85.714	63	8	1	1	63	1	62	9.39e-15	65.8
bfaa01004985.1_scyliorhinus_torazame_dna_scf_scyto00004985_17393	Sto-Mir-181-P1a_pre	84.615	65	5	3	1	63	1	62	4.37e-13	60.2
bfaa01003042.1_scyliorhinus_torazame_dna_scf_scyto00003042_13387	Sto-Mir-181-P1a_pre	100.000	62	0	0	1	62	1	62	9.02e-30	115
bfaa01003042.1_scyliorhinus_torazame_dna_scf_scyto00003042_13387	Sto-Mir-181-P1c_pre	85.714	63	7	2	1	62	1	62	9.21e-15	65.8
bfaa01003042.1_scyliorhinus_torazame_dna_scf_scyto00003042_13387	Sto-Mir-181-P1b_pre	84.615	65	5	3	1	62	1	63	4.28e-13	60.2
bfaa01009266.1_scyliorhinus_torazame_dna_scf_scyto00009266_22640	Sto-Mir-181-P1c_pre	100.000	62	0	0	1	62	1	62	9.02e-30	115
bfaa01009266.1_scyliorhinus_torazame_dna_scf_scyto00009266_22640	Sto-Mir-181-P1b_pre	85.714	63	8	1	1	62	1	63	9.21e-15	65.8
bfaa01009266.1_scyliorhinus_torazame_dna_scf_scyto00009266_22640	Sto-Mir-181-P1a_pre	85.714	63	7	2	1	62	1	62	9.21e-15	65.8
bfaa01002600.1_scyliorhinus_torazame_dna_scf_scyto00002600_12259	Sto-Mir-122_pre	100.000	58	0	0	1	58	1	58	1.39e-27	108
bfaa01002600.1_scyliorhinus_torazame_dna_scf_scyto00002600_12259	Sto-Mir-30-P2a_pre	100.000	11	0	0	6	16	24	34	0.19	21.4
bfaa01001513.1_scyliorhinus_torazame_dna_scf_scyto00001513_8781	Sto-Mir-133-P1-v2_pre	100.000	60	0	0	1	60	1	60	1.12e-28	111
bfaa01001513.1_scyliorhinus_torazame_dna_scf_scyto00001513_8781	Sto-Mir-133-P1-v1_pre	100.000	60	0	0	1	60	1	60	1.12e-28	111
bfaa01001513.1_scyliorhinus_torazame_dna_scf_scyto00001513_8781	Sto-Mir-133-P2-v2_pre	96.667	60	2	0	1	60	1	60	2.42e-25	100
bfaa01001513.1_scyliorhinus_torazame_dna_scf_scyto00001513_8781	Sto-Mir-133-P2-v1_pre	96.667	60	2	0	1	60	1	60	2.42e-25	100
bfaa01001513.1_scyliorhinus_torazame_dna_scf_scyto00001513_8781	Sto-Mir-133-P4-v2_pre	86.207	58	8	0	2	59	1	58	3.18e-14	63.9
bfaa01001513.1_scyliorhinus_torazame_dna_scf_scyto00001513_8781	Sto-Mir-133-P4-v1_pre	86.207	58	8	0	2	59	1	58	3.18e-14	63.9
bfaa01002411.1_scyliorhinus_torazame_dna_scf_scyto00002411_11743	Sto-Mir-133-P2-v2_pre	100.000	60	0	0	1	60	1	60	1.12e-28	111
bfaa01002411.1_scyliorhinus_torazame_dna_scf_scyto00002411_11743	Sto-Mir-133-P2-v1_pre	100.000	60	0	0	1	60	1	60	1.12e-28	111
bfaa01002411.1_scyliorhinus_torazame_dna_scf_scyto00002411_11743	Sto-Mir-133-P1-v2_pre	96.667	60	2	0	1	60	1	60	2.42e-25	100
bfaa01002411.1_scyliorhinus_torazame_dna_scf_scyto00002411_11743	Sto-Mir-133-P1-v1_pre	96.667	60	2	0	1	60	1	60	2.42e-25	100
bfaa01002411.1_scyliorhinus_torazame_dna_scf_scyto00002411_11743	Sto-Mir-133-P4-v2_pre	87.931	58	7	0	2	59	1	58	6.83e-16	69.4
bfaa01002411.1_scyliorhinus_torazame_dna_scf_scyto00002411_11743	Sto-Mir-133-P4-v1_pre	87.931	58	7	0	2	59	1	58	6.83e-16	69.4
bfaa01005422.1_scyliorhinus_torazame_dna_scf_scyto00005422_18152	Sto-Mir-92-P1a_pre	100.000	60	0	0	1	60	1	60	1.12e-28	111
bfaa01005422.1_scyliorhinus_torazame_dna_scf_scyto00005422_18152	Sto-Mir-92-P1b_pre	100.000	23	0	0	38	60	40	62	4.14e-08	43.6
bfaa01005422.1_scyliorhinus_torazame_dna_scf_scyto00005422_18152	Sto-Mir-92-P1d_pre	95.833	24	1	0	35	58	34	57	5.36e-07	39.9
bfaa01005422.1_scyliorhinus_torazame_dna_scf_scyto00005422_18152	Sto-Mir-92-P2d_pre	93.750	16	1	0	40	55	40	55	0.015	25.1
bfaa01003042.1_scyliorhinus_torazame_dna_scf_scyto00003042_13385	Sto-Mir-181-P2a_pre	100.000	60	0	0	1	60	1	60	1.12e-28	111
bfaa01003042.1_scyliorhinus_torazame_dna_scf_scyto00003042_13385	Sto-Mir-181-P2c_pre	87.500	56	4	3	1	55	1	54	1.14e-13	62.1
bfaa01003042.1_scyliorhinus_torazame_dna_scf_scyto00003042_13385	Sto-Mir-181-P2b_pre	83.333	60	8	2	1	60	1	58	1.91e-11	54.7
bfaa01006258.1_scyliorhinus_torazame_dna_scf_scyto00006258_19465	Sto-Mir-96-P3-v1_pre	100.000	62	0	0	1	62	1	62	9.02e-30	115
bfaa01006258.1_scyliorhinus_torazame_dna_scf_scyto00006258_19465	Sto-Mir-96-P3-v2_pre	100.000	60	0	0	2	61	1	60	1.17e-28	111
bfaa01005240.1_scyliorhinus_torazame_dna_scf_scyto00005240_17835	Sto-Mir-30-P1b_pre	100.000	63	0	0	1	63	1	63	2.56e-30	117
bfaa01005240.1_scyliorhinus_torazame_dna_scf_scyto00005240_17835	Sto-Mir-30-P1c_pre	78.689	61	11	2	1	60	1	60	5.69e-07	39.9
bfaa01005240.1_scyliorhinus_torazame_dna_scf_scyto00005240_17835	Sto-Mir-30-P2c_pre	100.000	12	0	0	1	12	1	12	0.057	23.3
bfaa01005240.1_scyliorhinus_torazame_dna_scf_scyto00005240_17835	Sto-Mir-30-P2b_pre	100.000	12	0	0	1	12	1	12	0.057	23.3
bfaa01005240.1_scyliorhinus_torazame_dna_scf_scyto00005240_17835	Sto-Mir-30-P2a_pre	100.000	12	0	0	1	12	1	12	0.057	23.3
bfaa01020652.1_scyliorhinus_torazame_dna_scf_scyto00020652_27260	Sto-Mir-26-P1_pre	100.000	61	0	0	1	61	1	61	3.18e-29	113
bfaa01020652.1_scyliorhinus_torazame_dna_scf_scyto00020652_27260	Sto-Mir-26-P2_pre	100.000	24	0	0	1	24	1	24	1.18e-08	45.4
bfaa01020652.1_scyliorhinus_torazame_dna_scf_scyto00020652_27260	Sto-Mir-26-P3_pre	100.000	24	0	0	1	24	1	24	1.18e-08	45.4
bfaa01005240.1_scyliorhinus_torazame_dna_scf_scyto00005240_17837	Sto-Mir-30-P1d_pre	100.000	64	0	0	1	64	1	64	7.39e-31	119
bfaa01003406.1_scyliorhinus_torazame_dna_scf_scyto00003406_14250	Sto-Mir-191_pre	100.000	57	0	0	1	57	1	57	4.88e-27	106
bfaa01020601.1_scyliorhinus_torazame_dna_scf_scyto00020601_27252	Sto-Mir-126-v3_pre	100.000	59	0	0	1	59	1	59	3.94e-28	110
bfaa01020601.1_scyliorhinus_torazame_dna_scf_scyto00020601_27252	Sto-Mir-126-v2_pre	100.000	59	0	0	1	59	1	59	3.94e-28	110
bfaa01020601.1_scyliorhinus_torazame_dna_scf_scyto00020601_27252	Sto-Mir-126-v1_pre	100.000	59	0	0	1	59	1	59	3.94e-28	110
bfaa01000031.1_scyliorhinus_torazame_dna_scf_scyto00000031_495	Sto-Mir-8-P1a_pre	100.000	61	0	0	1	61	1	61	3.18e-29	113
bfaa01000031.1_scyliorhinus_torazame_dna_scf_scyto00000031_495	Sto-Mir-8-P3a_pre	94.444	18	1	0	37	54	36	53	0.001	28.8
bfaa01000031.1_scyliorhinus_torazame_dna_scf_scyto00000031_495	Sto-Mir-130-P2a_pre	100.000	13	0	0	22	34	46	34	0.015	25.1
bfaa01000031.1_scyliorhinus_torazame_dna_scf_scyto00000031_495	Sto-Mir-130-P3b_pre	100.000	11	0	0	22	32	45	35	0.20	21.4
bfaa01000031.1_scyliorhinus_torazame_dna_scf_scyto00000031_495	Sto-Mir-130-P3a_pre	100.000	11	0	0	22	32	50	40	0.20	21.4
bfaa01000031.1_scyliorhinus_torazame_dna_scf_scyto00000031_495	Sto-Mir-130-P2b_pre	100.000	11	0	0	22	32	44	34	0.20	21.4
bfaa01000031.1_scyliorhinus_torazame_dna_scf_scyto00000031_495	Sto-Mir-130-P1b_pre	100.000	11	0	0	22	32	47	37	0.20	21.4
bfaa01000031.1_scyliorhinus_torazame_dna_scf_scyto00000031_495	Sto-Mir-128-P1_pre	100.000	11	0	0	40	50	10	20	0.20	21.4
bfaa01007036.1_scyliorhinus_torazame_dna_scf_scyto00007036_20440	Sto-Let-7-P2a2_pre	100.000	71	0	0	1	71	1	71	1.07e-34	132
bfaa01007036.1_scyliorhinus_torazame_dna_scf_scyto00007036_20440	Sto-Let-7-P2a1_pre	90.141	71	7	0	1	71	1	71	5.07e-23	93.5
bfaa01007036.1_scyliorhinus_torazame_dna_scf_scyto00007036_20440	Sto-Let-7-P2a3_pre	89.041	73	4	3	1	71	1	71	2.36e-21	87.9
bfaa01007036.1_scyliorhinus_torazame_dna_scf_scyto00007036_20440	Sto-Let-7-P1c_pre	81.944	72	8	4	1	72	1	67	6.65e-12	56.5
bfaa01007036.1_scyliorhinus_torazame_dna_scf_scyto00007036_20440	Sto-Let-7-P2b2_pre	93.103	29	2	0	1	29	1	29	5.18e-08	43.6
bfaa01007036.1_scyliorhinus_torazame_dna_scf_scyto00007036_20440	Sto-Let-7-P2b2_pre	92.000	25	2	0	45	69	50	74	8.66e-06	36.2
bfaa01007036.1_scyliorhinus_torazame_dna_scf_scyto00007036_20440	Sto-Let-7-P2b2_pre	95.000	20	1	0	3	22	73	54	1.12e-04	32.5
bfaa01007036.1_scyliorhinus_torazame_dna_scf_scyto00007036_20440	Sto-Let-7-P1a_pre	100.000	23	0	0	1	23	1	23	5.18e-08	43.6
bfaa01007036.1_scyliorhinus_torazame_dna_scf_scyto00007036_20440	Sto-Let-7-P1b_pre	100.000	22	0	0	1	22	1	22	1.86e-07	41.7
bfaa01007036.1_scyliorhinus_torazame_dna_scf_scyto00007036_20440	Sto-Let-7-P2c1_pre	95.238	21	1	0	2	22	2	22	3.12e-05	34.4
bfaa01007036.1_scyliorhinus_torazame_dna_scf_scyto00007036_20440	Sto-Let-7-P2c1_pre	85.185	27	4	0	45	71	49	75	0.001	28.8
bfaa01007036.1_scyliorhinus_torazame_dna_scf_scyto00007036_20440	Sto-Let-7-P2c1_pre	100.000	11	0	0	12	22	63	53	0.24	21.4
bfaa01007036.1_scyliorhinus_torazame_dna_scf_scyto00007036_20440	Sto-Let-7-P2c2_pre	93.750	16	1	0	1	16	1	16	0.019	25.1
bfaa01059154.1_scyliorhinus_torazame_dna_scf_scyto00059154_28699	Sto-Let-7-P2a3_pre	100.000	71	0	0	1	71	1	71	1.07e-34	132
bfaa01059154.1_scyliorhinus_torazame_dna_scf_scyto00059154_28699	Sto-Let-7-P2a1_pre	91.549	71	6	0	1	71	1	71	1.09e-24	99.0
bfaa01059154.1_scyliorhinus_torazame_dna_scf_scyto00059154_28699	Sto-Let-7-P2a2_pre	89.041	73	4	3	1	71	1	71	2.36e-21	87.9
bfaa01059154.1_scyliorhinus_torazame_dna_scf_scyto00059154_28699	Sto-Let-7-P1c_pre	81.944	72	8	4	1	72	1	67	6.65e-12	56.5
bfaa01059154.1_scyliorhinus_torazame_dna_scf_scyto00059154_28699	Sto-Let-7-P2b2_pre	93.103	29	2	0	1	29	1	29	5.18e-08	43.6
bfaa01059154.1_scyliorhinus_torazame_dna_scf_scyto00059154_28699	Sto-Let-7-P2b2_pre	95.000	20	1	0	3	22	73	54	1.12e-04	32.5
bfaa01059154.1_scyliorhinus_torazame_dna_scf_scyto00059154_28699	Sto-Let-7-P2b2_pre	88.000	25	3	0	45	69	50	74	4.03e-04	30.7
bfaa01059154.1_scyliorhinus_torazame_dna_scf_scyto00059154_28699	Sto-Let-7-P1a_pre	100.000	23	0	0	1	23	1	23	5.18e-08	43.6
bfaa01059154.1_scyliorhinus_torazame_dna_scf_scyto00059154_28699	Sto-Let-7-P1b_pre	100.000	22	0	0	1	22	1	22	1.86e-07	41.7
bfaa01059154.1_scyliorhinus_torazame_dna_scf_scyto00059154_28699	Sto-Let-7-P2c1_pre	95.238	21	1	0	2	22	2	22	3.12e-05	34.4
bfaa01059154.1_scyliorhinus_torazame_dna_scf_scyto00059154_28699	Sto-Let-7-P2c1_pre	82.759	29	5	0	43	71	47	75	0.005	27.0
bfaa01059154.1_scyliorhinus_torazame_dna_scf_scyto00059154_28699	Sto-Let-7-P2c1_pre	100.000	11	0	0	12	22	63	53	0.24	21.4
bfaa01059154.1_scyliorhinus_torazame_dna_scf_scyto00059154_28699	Sto-Let-7-P2c2_pre	93.750	16	1	0	1	16	1	16	0.019	25.1
bfaa01002606.1_scyliorhinus_torazame_dna_scf_scyto00002606_12273	Sto-Let-7-P2a1_pre	100.000	71	0	0	1	71	1	71	1.07e-34	132
bfaa01002606.1_scyliorhinus_torazame_dna_scf_scyto00002606_12273	Sto-Let-7-P2a3_pre	91.549	71	6	0	1	71	1	71	1.09e-24	99.0
bfaa01002606.1_scyliorhinus_torazame_dna_scf_scyto00002606_12273	Sto-Let-7-P2a2_pre	90.141	71	7	0	1	71	1	71	5.07e-23	93.5
bfaa01002606.1_scyliorhinus_torazame_dna_scf_scyto00002606_12273	Sto-Let-7-P1c_pre	83.333	72	7	4	1	72	1	67	1.43e-13	62.1
bfaa01002606.1_scyliorhinus_torazame_dna_scf_scyto00002606_12273	Sto-Let-7-P1b_pre	80.556	72	9	3	1	72	1	67	3.09e-10	51.0
bfaa01002606.1_scyliorhinus_torazame_dna_scf_scyto00002606_12273	Sto-Let-7-P1a_pre	80.556	72	9	4	1	72	1	67	3.09e-10	51.0
bfaa01002606.1_scyliorhinus_torazame_dna_scf_scyto00002606_12273	Sto-Let-7-P2b2_pre	93.103	29	2	0	1	29	1	29	5.18e-08	43.6
bfaa01002606.1_scyliorhinus_torazame_dna_scf_scyto00002606_12273	Sto-Let-7-P2b2_pre	92.000	25	2	0	45	69	50	74	8.66e-06	36.2
bfaa01002606.1_scyliorhinus_torazame_dna_scf_scyto00002606_12273	Sto-Let-7-P2b2_pre	95.000	20	1	0	3	22	73	54	1.12e-04	32.5
bfaa01002606.1_scyliorhinus_torazame_dna_scf_scyto00002606_12273	Sto-Let-7-P2c1_pre	95.238	21	1	0	2	22	2	22	3.12e-05	34.4
bfaa01002606.1_scyliorhinus_torazame_dna_scf_scyto00002606_12273	Sto-Let-7-P2c1_pre	86.207	29	4	0	43	71	47	75	1.12e-04	32.5
bfaa01002606.1_scyliorhinus_torazame_dna_scf_scyto00002606_12273	Sto-Let-7-P2c1_pre	100.000	11	0	0	12	22	63	53	0.24	21.4
bfaa01002606.1_scyliorhinus_torazame_dna_scf_scyto00002606_12273	Sto-Let-7-P2c2_pre	93.750	16	1	0	1	16	1	16	0.019	25.1
bfaa01000459.1_scyliorhinus_torazame_dna_scf_scyto00000459_4007	Sto-Let-7-P1a_pre	100.000	67	0	0	1	67	1	67	1.65e-32	124
bfaa01000459.1_scyliorhinus_torazame_dna_scf_scyto00000459_4007	Sto-Let-7-P1c_pre	92.537	67	5	0	1	67	1	67	3.59e-24	97.1
bfaa01000459.1_scyliorhinus_torazame_dna_scf_scyto00000459_4007	Sto-Let-7-P1b_pre	85.075	67	10	0	1	67	1	67	7.83e-16	69.4
bfaa01000459.1_scyliorhinus_torazame_dna_scf_scyto00000459_4007	Sto-Let-7-P2a1_pre	80.282	71	9	4	1	66	1	71	1.02e-09	49.1
bfaa01000459.1_scyliorhinus_torazame_dna_scf_scyto00000459_4007	Sto-Let-7-P2a3_pre	100.000	23	0	0	1	23	1	23	4.75e-08	43.6
bfaa01000459.1_scyliorhinus_torazame_dna_scf_scyto00000459_4007	Sto-Let-7-P2a2_pre	100.000	23	0	0	1	23	1	23	4.75e-08	43.6
bfaa01000459.1_scyliorhinus_torazame_dna_scf_scyto00000459_4007	Sto-Let-7-P2b2_pre	95.652	23	1	0	1	23	1	23	2.21e-06	38.1
bfaa01000459.1_scyliorhinus_torazame_dna_scf_scyto00000459_4007	Sto-Let-7-P2b2_pre	95.000	20	1	0	3	22	73	54	1.03e-04	32.5
bfaa01000459.1_scyliorhinus_torazame_dna_scf_scyto00000459_4007	Sto-Let-7-P2c1_pre	95.238	21	1	0	2	22	2	22	2.86e-05	34.4
bfaa01000459.1_scyliorhinus_torazame_dna_scf_scyto00000459_4007	Sto-Let-7-P2c1_pre	100.000	11	0	0	12	22	63	53	0.22	21.4
bfaa01000459.1_scyliorhinus_torazame_dna_scf_scyto00000459_4007	Sto-Let-7-P2c3_pre	100.000	16	0	0	38	53	51	66	3.70e-04	30.7
bfaa01000459.1_scyliorhinus_torazame_dna_scf_scyto00000459_4007	Sto-Let-7-P2c2_pre	93.750	16	1	0	1	16	1	16	0.017	25.1
bfaa01000459.1_scyliorhinus_torazame_dna_scf_scyto00000459_4007	Sto-Let-7-P2c2_pre	100.000	11	0	0	38	48	50	60	0.22	21.4
bfaa01006258.1_scyliorhinus_torazame_dna_scf_scyto00006258_19461	Sto-Mir-96-P2_pre	100.000	65	0	0	1	65	1	65	2.05e-31	121
bfaa01003685.1_scyliorhinus_torazame_dna_scf_scyto00003685_14867	Sto-Let-7-P1c_pre	100.000	67	0	0	1	67	1	67	1.65e-32	124
bfaa01003685.1_scyliorhinus_torazame_dna_scf_scyto00003685_14867	Sto-Let-7-P1a_pre	92.537	67	5	0	1	67	1	67	3.59e-24	97.1
bfaa01003685.1_scyliorhinus_torazame_dna_scf_scyto00003685_14867	Sto-Let-7-P1b_pre	86.567	67	9	0	1	67	1	67	1.68e-17	75.0
bfaa01003685.1_scyliorhinus_torazame_dna_scf_scyto00003685_14867	Sto-Let-7-P2a1_pre	83.099	71	7	4	1	66	1	71	4.71e-13	60.2
bfaa01003685.1_scyliorhinus_torazame_dna_scf_scyto00003685_14867	Sto-Let-7-P2a3_pre	81.690	71	8	4	1	66	1	71	2.19e-11	54.7
bfaa01003685.1_scyliorhinus_torazame_dna_scf_scyto00003685_14867	Sto-Let-7-P2a2_pre	81.690	71	8	4	1	66	1	71	2.19e-11	54.7
bfaa01003685.1_scyliorhinus_torazame_dna_scf_scyto00003685_14867	Sto-Let-7-P2b2_pre	95.652	23	1	0	1	23	1	23	2.21e-06	38.1
bfaa01003685.1_scyliorhinus_torazame_dna_scf_scyto00003685_14867	Sto-Let-7-P2b2_pre	95.000	20	1	0	3	22	73	54	1.03e-04	32.5
bfaa01003685.1_scyliorhinus_torazame_dna_scf_scyto00003685_14867	Sto-Let-7-P2b2_pre	82.143	28	4	1	40	67	50	76	0.062	23.3
bfaa01003685.1_scyliorhinus_torazame_dna_scf_scyto00003685_14867	Sto-Let-7-P2c1_pre	95.238	21	1	0	2	22	2	22	2.86e-05	34.4
bfaa01003685.1_scyliorhinus_torazame_dna_scf_scyto00003685_14867	Sto-Let-7-P2c1_pre	93.750	16	1	0	38	53	47	62	0.017	25.1
bfaa01003685.1_scyliorhinus_torazame_dna_scf_scyto00003685_14867	Sto-Let-7-P2c1_pre	100.000	11	0	0	12	22	63	53	0.22	21.4
bfaa01003685.1_scyliorhinus_torazame_dna_scf_scyto00003685_14867	Sto-Let-7-P2c2_pre	93.750	16	1	0	1	16	1	16	0.017	25.1
bfaa01007834.1_scyliorhinus_torazame_dna_scf_scyto00007834_21273	Sto-Let-7-P1b_pre	100.000	67	0	0	1	67	1	67	1.65e-32	124
bfaa01007834.1_scyliorhinus_torazame_dna_scf_scyto00007834_21273	Sto-Let-7-P1c_pre	86.567	67	9	0	1	67	1	67	1.68e-17	75.0
bfaa01007834.1_scyliorhinus_torazame_dna_scf_scyto00007834_21273	Sto-Let-7-P1a_pre	85.075	67	10	0	1	67	1	67	7.83e-16	69.4
bfaa01007834.1_scyliorhinus_torazame_dna_scf_scyto00007834_21273	Sto-Let-7-P2a1_pre	80.282	71	9	3	1	66	1	71	1.02e-09	49.1
bfaa01007834.1_scyliorhinus_torazame_dna_scf_scyto00007834_21273	Sto-Let-7-P2a3_pre	100.000	22	0	0	1	22	1	22	1.71e-07	41.7
bfaa01007834.1_scyliorhinus_torazame_dna_scf_scyto00007834_21273	Sto-Let-7-P2a2_pre	100.000	22	0	0	1	22	1	22	1.71e-07	41.7
bfaa01007834.1_scyliorhinus_torazame_dna_scf_scyto00007834_21273	Sto-Let-7-P2b2_pre	90.000	30	2	1	1	29	1	30	2.21e-06	38.1
bfaa01007834.1_scyliorhinus_torazame_dna_scf_scyto00007834_21273	Sto-Let-7-P2b2_pre	95.000	20	1	0	3	22	73	54	1.03e-04	32.5
bfaa01007834.1_scyliorhinus_torazame_dna_scf_scyto00007834_21273	Sto-Let-7-P2c1_pre	92.308	26	1	1	2	27	2	26	7.94e-06	36.2
bfaa01007834.1_scyliorhinus_torazame_dna_scf_scyto00007834_21273	Sto-Let-7-P2c1_pre	100.000	11	0	0	12	22	63	53	0.22	21.4
bfaa01007834.1_scyliorhinus_torazame_dna_scf_scyto00007834_21273	Sto-Let-7-P2c2_pre	93.750	16	1	0	1	16	1	16	0.017	25.1
bfaa01003685.1_scyliorhinus_torazame_dna_scf_scyto00003685_14869	Sto-Mir-10-P2c_pre	100.000	59	0	0	1	59	1	59	3.94e-28	110
bfaa01003685.1_scyliorhinus_torazame_dna_scf_scyto00003685_14869	Sto-Mir-10-P2a_pre	95.455	22	1	0	1	22	1	22	6.79e-06	36.2
bfaa01003685.1_scyliorhinus_torazame_dna_scf_scyto00003685_14869	Sto-Mir-10-P2b_pre	91.667	24	2	0	1	24	1	24	2.44e-05	34.4
bfaa01002700.1_scyliorhinus_torazame_dna_scf_scyto00002700_12546	Sto-Mir-27-P2_pre	100.000	64	0	0	1	64	1	64	7.25e-31	119
bfaa01002700.1_scyliorhinus_torazame_dna_scf_scyto00002700_12546	Sto-Mir-27-o1_pre	100.000	20	0	0	41	60	44	63	2.09e-06	38.1
bfaa01002700.1_scyliorhinus_torazame_dna_scf_scyto00002700_12546	Sto-Mir-27-P1_pre	100.000	20	0	0	41	60	43	62	2.09e-06	38.1
bfaa01002700.1_scyliorhinus_torazame_dna_scf_scyto00002700_12546	Sto-Mir-34-P2b_pre	94.118	17	1	0	7	23	12	28	0.005	27.0
bfaa01002700.1_scyliorhinus_torazame_dna_scf_scyto00002700_12546	Sto-Mir-96-P1_pre	100.000	12	0	0	30	41	14	25	0.058	23.3
bfaa01002700.1_scyliorhinus_torazame_dna_scf_scyto00002700_12546	Sto-Mir-34-P2a_pre	100.000	11	0	0	7	17	12	22	0.21	21.4
bfaa01000179.1_scyliorhinus_torazame_dna_scf_scyto00000179_2026	Sto-Mir-218-P2_pre	100.000	64	0	0	1	64	1	64	7.25e-31	119
bfaa01000179.1_scyliorhinus_torazame_dna_scf_scyto00000179_2026	Sto-Mir-218-P1_pre	90.625	64	6	0	1	64	1	64	7.35e-21	86.1
bfaa01001891.1_scyliorhinus_torazame_dna_scf_scyto00001891_10154	Sto-Mir-92-P2d_pre	100.000	60	0	0	1	60	1	60	1.12e-28	111
bfaa01001891.1_scyliorhinus_torazame_dna_scf_scyto00001891_10154	Sto-Mir-92-P1d_pre	93.750	16	1	0	40	55	39	54	0.015	25.1
bfaa01001891.1_scyliorhinus_torazame_dna_scf_scyto00001891_10154	Sto-Mir-92-P1b_pre	89.474	19	2	0	37	55	39	57	0.015	25.1
bfaa01001891.1_scyliorhinus_torazame_dna_scf_scyto00001891_10154	Sto-Mir-92-P1a_pre	93.750	16	1	0	40	55	40	55	0.015	25.1
bfaa01001891.1_scyliorhinus_torazame_dna_scf_scyto00001891_10154	Sto-Mir-221-P1_pre	100.000	11	0	0	20	30	53	63	0.19	21.4
bfaa01000077.1_scyliorhinus_torazame_dna_scf_scyto00000077_1029	Sto-Mir-145_pre	100.000	60	0	0	1	60	1	60	1.12e-28	111
bfaa01000077.1_scyliorhinus_torazame_dna_scf_scyto00000077_1029	Sto-Mir-145_pre	78.571	56	6	5	4	56	56	4	8.97e-05	32.5
bfaa01000077.1_scyliorhinus_torazame_dna_scf_scyto00000077_1029	Sto-Mir-184_pre	100.000	11	0	0	29	39	49	59	0.19	21.4
bfaa01000077.1_scyliorhinus_torazame_dna_scf_scyto00000077_1029	Sto-Mir-23-o2_pre	100.000	11	0	0	38	48	1	11	0.19	21.4
bfaa01000077.1_scyliorhinus_torazame_dna_scf_scyto00000077_1029	Sto-Mir-23-o2_pre	100.000	11	0	0	12	22	11	1	0.19	21.4
bfaa01009687.1_scyliorhinus_torazame_dna_scf_scyto00009687_23026	Sto-Mir-133-P4-v2_pre	100.000	58	0	0	2	59	1	58	1.45e-27	108
bfaa01009687.1_scyliorhinus_torazame_dna_scf_scyto00009687_23026	Sto-Mir-133-P4-v1_pre	100.000	58	0	0	2	59	1	58	1.45e-27	108
bfaa01009687.1_scyliorhinus_torazame_dna_scf_scyto00009687_23026	Sto-Mir-133-P2-v2_pre	88.136	59	7	0	1	59	1	59	1.90e-16	71.3
bfaa01009687.1_scyliorhinus_torazame_dna_scf_scyto00009687_23026	Sto-Mir-133-P2-v1_pre	88.136	59	7	0	1	59	1	59	1.90e-16	71.3
bfaa01009687.1_scyliorhinus_torazame_dna_scf_scyto00009687_23026	Sto-Mir-133-P1-v2_pre	86.441	59	8	0	1	59	1	59	8.84e-15	65.8
bfaa01009687.1_scyliorhinus_torazame_dna_scf_scyto00009687_23026	Sto-Mir-133-P1-v1_pre	86.441	59	8	0	1	59	1	59	8.84e-15	65.8
bfaa01004609.1_scyliorhinus_torazame_dna_scf_scyto00004609_16725	Sto-Mir-221-P2_pre	100.000	61	0	0	1	61	1	61	3.18e-29	113
bfaa01004609.1_scyliorhinus_torazame_dna_scf_scyto00004609_16725	Sto-Mir-221-P3_pre	79.688	64	10	3	1	61	1	64	4.23e-08	43.6
bfaa01000299.1_scyliorhinus_torazame_dna_scf_scyto00000299_2962	Sto-Mir-205-P1_pre	100.000	56	0	0	1	56	1	56	1.72e-26	104
bfaa01000299.1_scyliorhinus_torazame_dna_scf_scyto00000299_2962	Sto-Mir-205-P3_pre	100.000	23	0	0	1	23	1	23	3.80e-08	43.6
bfaa01000299.1_scyliorhinus_torazame_dna_scf_scyto00000299_2962	Sto-Mir-205-P2_pre	91.304	23	2	0	2	24	2	24	8.22e-05	32.5
bfaa01000299.1_scyliorhinus_torazame_dna_scf_scyto00000299_2962	Sto-Mir-30-P2c_pre	100.000	11	0	0	20	30	21	31	0.18	21.4
bfaa01003951.1_scyliorhinus_torazame_dna_scf_scyto00003951_15448	Sto-Mir-103-P2_pre	100.000	60	0	0	1	60	1	60	1.12e-28	111
bfaa01003951.1_scyliorhinus_torazame_dna_scf_scyto00003951_15448	Sto-Mir-103-P3_pre	94.828	58	3	0	1	58	1	58	1.46e-22	91.6
bfaa01003951.1_scyliorhinus_torazame_dna_scf_scyto00003951_15448	Sto-Mir-103-P1_pre	91.525	59	5	0	2	60	2	60	8.78e-20	82.4
bfaa01000459.1_scyliorhinus_torazame_dna_scf_scyto00000459_4010	Sto-Mir-10-P3a_pre	100.000	62	0	0	1	62	1	62	9.02e-30	115
bfaa01000459.1_scyliorhinus_torazame_dna_scf_scyto00000459_4010	Sto-Mir-10-P3c_pre	100.000	22	0	0	1	22	1	22	1.55e-07	41.7
bfaa01000459.1_scyliorhinus_torazame_dna_scf_scyto00000459_4010	Sto-Mir-10-P3c_pre	94.118	17	1	0	7	23	57	41	0.004	27.0
bfaa01000459.1_scyliorhinus_torazame_dna_scf_scyto00000459_4010	Sto-Mir-10-P3b_pre	95.455	22	1	0	1	22	1	22	7.22e-06	36.2
bfaa01001891.1_scyliorhinus_torazame_dna_scf_scyto00001891_10146	Sto-Mir-34-P3c_pre	100.000	11	0	0	38	48	49	59	0.21	21.4
bfaa01001891.1_scyliorhinus_torazame_dna_scf_scyto00001891_10146	Sto-Mir-34-P2a_pre	100.000	11	0	0	47	57	43	53	0.21	21.4
bfaa01007060.1_scyliorhinus_torazame_dna_scf_scyto00007060_20473	Sto-Mir-214-v2_pre	100.000	63	0	0	1	63	1	63	2.56e-30	117
bfaa01007060.1_scyliorhinus_torazame_dna_scf_scyto00007060_20473	Sto-Mir-214-v1_pre	100.000	63	0	0	1	63	1	63	2.56e-30	117
bfaa01000145.1_scyliorhinus_torazame_dna_scf_scyto00000145_1677	Sto-Mir-196-P1_pre	100.000	58	0	0	1	58	1	58	1.39e-27	108
bfaa01000145.1_scyliorhinus_torazame_dna_scf_scyto00000145_1677	Sto-Mir-196-P3_pre	100.000	22	0	0	1	22	1	22	1.43e-07	41.7
bfaa01000145.1_scyliorhinus_torazame_dna_scf_scyto00000145_1677	Sto-Mir-130-P3b_pre	100.000	11	0	0	8	18	6	16	0.19	21.4
bfaa01005422.1_scyliorhinus_torazame_dna_scf_scyto00005422_18161	Sto-Mir-17-P1a_pre	100.000	58	0	0	1	58	1	58	1.39e-27	108
bfaa01005422.1_scyliorhinus_torazame_dna_scf_scyto00005422_18161	Sto-Mir-17-P3a_pre	85.714	42	4	1	2	41	2	43	3.97e-08	43.6
bfaa01005422.1_scyliorhinus_torazame_dna_scf_scyto00005422_18161	Sto-Mir-17-P3d_pre	96.000	25	1	0	1	25	1	25	1.43e-07	41.7
bfaa01005422.1_scyliorhinus_torazame_dna_scf_scyto00005422_18161	Sto-Mir-17-P3d_pre	90.476	21	2	0	33	53	35	55	0.001	28.8
bfaa01005422.1_scyliorhinus_torazame_dna_scf_scyto00005422_18161	Sto-Mir-17-P3d_pre	90.476	21	1	1	3	23	55	36	0.004	27.0
bfaa01005422.1_scyliorhinus_torazame_dna_scf_scyto00005422_18161	Sto-Mir-17-P3c_pre	95.833	24	1	0	2	25	2	25	5.14e-07	39.9
bfaa01005422.1_scyliorhinus_torazame_dna_scf_scyto00005422_18161	Sto-Mir-17-P1d_pre	83.721	43	5	2	2	42	2	44	5.14e-07	39.9
bfaa01000097.1_scyliorhinus_torazame_dna_scf_scyto00000097_1227	Sto-Mir-196-P3_pre	100.000	58	0	0	1	58	1	58	1.39e-27	108
bfaa01000097.1_scyliorhinus_torazame_dna_scf_scyto00000097_1227	Sto-Mir-196-P1_pre	100.000	22	0	0	1	22	1	22	1.43e-07	41.7
bfaa01000097.1_scyliorhinus_torazame_dna_scf_scyto00000097_1227	Sto-Mir-130-P3b_pre	100.000	11	0	0	8	18	6	16	0.19	21.4
bfaa01010438.1_scyliorhinus_torazame_dna_scf_scyto00010438_23622	Sto-Mir-10-P3c_pre	100.000	65	0	0	1	65	1	65	2.05e-31	121
bfaa01010438.1_scyliorhinus_torazame_dna_scf_scyto00010438_23622	Sto-Mir-10-P3c_pre	93.750	16	1	0	42	57	22	7	0.017	25.1
bfaa01010438.1_scyliorhinus_torazame_dna_scf_scyto00010438_23622	Sto-Mir-10-P3c_pre	93.750	16	1	0	7	22	57	42	0.017	25.1
bfaa01010438.1_scyliorhinus_torazame_dna_scf_scyto00010438_23622	Sto-Mir-10-P3a_pre	100.000	22	0	0	1	22	1	22	1.65e-07	41.7
bfaa01010438.1_scyliorhinus_torazame_dna_scf_scyto00010438_23622	Sto-Mir-10-P3a_pre	94.118	17	1	0	41	57	23	7	0.005	27.0
bfaa01010438.1_scyliorhinus_torazame_dna_scf_scyto00010438_23622	Sto-Mir-10-P3b_pre	95.455	22	1	0	1	22	1	22	7.65e-06	36.2
bfaa01004869.1_scyliorhinus_torazame_dna_scf_scyto00004869_17189	Sto-Mir-101-P2-v2_pre	100.000	57	0	0	1	57	2	58	4.88e-27	106
bfaa01004869.1_scyliorhinus_torazame_dna_scf_scyto00004869_17189	Sto-Mir-101-P2-v2_pre	93.750	16	1	0	41	56	16	1	0.014	25.1
bfaa01004869.1_scyliorhinus_torazame_dna_scf_scyto00004869_17189	Sto-Mir-101-P2-v1_pre	100.000	57	0	0	1	57	1	57	4.88e-27	106
bfaa01004869.1_scyliorhinus_torazame_dna_scf_scyto00004869_17189	Sto-Mir-101-P1-v2_pre	84.211	57	9	0	1	57	2	58	4.99e-12	56.5
bfaa01004869.1_scyliorhinus_torazame_dna_scf_scyto00004869_17189	Sto-Mir-101-P1-v2_pre	94.444	18	1	0	39	56	18	1	0.001	28.8
bfaa01004869.1_scyliorhinus_torazame_dna_scf_scyto00004869_17189	Sto-Mir-101-P1-v1_pre	84.211	57	9	0	1	57	1	57	4.99e-12	56.5
bfaa01004869.1_scyliorhinus_torazame_dna_scf_scyto00004869_17189	Sto-Mir-101-P1-v1_pre	94.118	17	1	0	39	55	17	1	0.004	27.0
bfaa01005977.1_scyliorhinus_torazame_dna_scf_scyto00005977_19047	Sto-Mir-130-P4a_pre	100.000	64	0	0	1	64	1	64	7.25e-31	119
bfaa01005977.1_scyliorhinus_torazame_dna_scf_scyto00005977_19047	Sto-Mir-130-P4b_pre	84.848	66	8	1	1	64	1	66	9.58e-15	65.8
bfaa01005977.1_scyliorhinus_torazame_dna_scf_scyto00005977_19047	Sto-Mir-130-P4o1_pre	81.538	65	11	1	1	64	1	65	7.46e-11	52.8
bfaa01005977.1_scyliorhinus_torazame_dna_scf_scyto00005977_19047	Sto-Mir-130-P2b_pre	100.000	13	0	0	39	51	20	8	0.016	25.1
bfaa01005977.1_scyliorhinus_torazame_dna_scf_scyto00005977_19047	Sto-Mir-130-P1b_pre	93.750	16	1	0	38	53	36	51	0.016	25.1
bfaa01005977.1_scyliorhinus_torazame_dna_scf_scyto00005977_19047	Sto-Mir-130-P2a_pre	100.000	12	0	0	39	50	22	11	0.058	23.3
bfaa01005977.1_scyliorhinus_torazame_dna_scf_scyto00005977_19047	Sto-Mir-92-P1c_pre	100.000	12	0	0	42	53	50	39	0.058	23.3
bfaa01005977.1_scyliorhinus_torazame_dna_scf_scyto00005977_19047	Sto-Mir-130-P3b_pre	92.857	14	1	0	39	52	35	48	0.21	21.4
bfaa01005977.1_scyliorhinus_torazame_dna_scf_scyto00005977_19047	Sto-Mir-130-P3a_pre	92.857	14	1	0	39	52	40	53	0.21	21.4
bfaa01005422.1_scyliorhinus_torazame_dna_scf_scyto00005422_18154	Sto-Mir-19-P2a_pre	100.000	59	0	0	1	59	3	61	3.94e-28	110
bfaa01005422.1_scyliorhinus_torazame_dna_scf_scyto00005422_18154	Sto-Mir-19-P2b_pre	86.667	60	6	2	1	59	3	61	8.66e-15	65.8
bfaa01005422.1_scyliorhinus_torazame_dna_scf_scyto00005422_18154	Sto-Mir-19-P2d_pre	81.667	60	10	1	1	59	3	62	8.72e-10	49.1
bfaa01005422.1_scyliorhinus_torazame_dna_scf_scyto00005422_18154	Sto-Mir-19-P1_pre	95.455	22	1	0	38	59	36	57	6.79e-06	36.2
bfaa01005422.1_scyliorhinus_torazame_dna_scf_scyto00005422_18154	Sto-Mir-19-P1_pre	90.000	20	0	2	39	58	18	1	0.015	25.1
bfaa01004609.1_scyliorhinus_torazame_dna_scf_scyto00004609_16727	Sto-Mir-221-P1_pre	100.000	63	0	0	1	63	1	63	2.61e-30	117
bfaa01004609.1_scyliorhinus_torazame_dna_scf_scyto00004609_16727	Sto-Mir-92-P2d_pre	100.000	11	0	0	53	63	20	30	0.21	21.4
bfaa01000031.1_scyliorhinus_torazame_dna_scf_scyto00000031_497	Sto-Mir-8-P3a_pre	100.000	59	0	0	1	59	1	59	3.94e-28	110
bfaa01000031.1_scyliorhinus_torazame_dna_scf_scyto00000031_497	Sto-Mir-8-P1a_pre	94.444	18	1	0	36	53	37	54	0.001	28.8
bfaa01001891.1_scyliorhinus_torazame_dna_scf_scyto00001891_10144	Sto-Mir-17-P3d_pre	100.000	58	0	0	1	58	1	58	1.39e-27	108
bfaa01001891.1_scyliorhinus_torazame_dna_scf_scyto00001891_10144	Sto-Mir-17-P3c_pre	100.000	25	0	0	2	26	2	26	3.07e-09	47.3
bfaa01001891.1_scyliorhinus_torazame_dna_scf_scyto00001891_10144	Sto-Mir-17-P3a_pre	81.481	54	10	0	2	55	2	55	1.10e-08	45.4
bfaa01001891.1_scyliorhinus_torazame_dna_scf_scyto00001891_10144	Sto-Mir-17-P1a_pre	96.000	25	1	0	1	25	1	25	1.43e-07	41.7
bfaa01001891.1_scyliorhinus_torazame_dna_scf_scyto00001891_10144	Sto-Mir-17-P1a_pre	90.476	21	2	0	35	55	33	53	0.001	28.8
bfaa01001891.1_scyliorhinus_torazame_dna_scf_scyto00001891_10144	Sto-Mir-17-P1a_pre	90.476	21	1	1	36	55	23	3	0.004	27.0
bfaa01001891.1_scyliorhinus_torazame_dna_scf_scyto00001891_10144	Sto-Mir-17-P1d_pre	87.500	24	3	0	2	25	2	25	0.001	28.8
bfaa01008602.1_scyliorhinus_torazame_dna_scf_scyto00008602_22042	Sto-Mir-128-P2_pre	100.000	58	0	0	1	58	1	58	1.39e-27	108
bfaa01008602.1_scyliorhinus_torazame_dna_scf_scyto00008602_22042	Sto-Mir-128-P3_pre	91.071	56	5	0	1	56	1	56	3.91e-18	76.8
bfaa01008602.1_scyliorhinus_torazame_dna_scf_scyto00008602_22042	Sto-Mir-128-P1_pre	84.211	57	7	2	2	58	2	56	1.83e-11	54.7
bfaa01002217.1_scyliorhinus_torazame_dna_scf_scyto00002217_11247	Sto-Mir-128-P1_pre	100.000	56	0	0	1	56	1	56	1.72e-26	104
bfaa01002217.1_scyliorhinus_torazame_dna_scf_scyto00002217_11247	Sto-Mir-128-P2_pre	84.211	57	7	2	2	56	2	58	1.75e-11	54.7
bfaa01002217.1_scyliorhinus_torazame_dna_scf_scyto00002217_11247	Sto-Mir-128-P3_pre	100.000	21	0	0	34	54	36	56	4.91e-07	39.9
bfaa01002217.1_scyliorhinus_torazame_dna_scf_scyto00002217_11247	Sto-Mir-8-P1a_pre	100.000	11	0	0	10	20	40	50	0.18	21.4
bfaa01000604.1_scyliorhinus_torazame_dna_scf_scyto00000604_4733	Sto-Mir-204-P1_pre	100.000	59	0	0	1	59	1	59	3.94e-28	110
bfaa01000604.1_scyliorhinus_torazame_dna_scf_scyto00000604_4733	Sto-Mir-204-P2_pre	94.118	34	1	1	1	34	1	33	2.42e-10	51.0
bfaa01000604.1_scyliorhinus_torazame_dna_scf_scyto00000604_4733	Sto-Mir-204-P3_pre	86.667	45	3	3	1	45	1	42	3.14e-09	47.3
bfaa01001728.1_scyliorhinus_torazame_dna_scf_scyto00001728_9576	Sto-Mir-27-P1_pre	100.000	64	0	0	1	64	1	64	7.25e-31	119
bfaa01001728.1_scyliorhinus_torazame_dna_scf_scyto00001728_9576	Sto-Mir-27-o1_pre	95.652	23	1	0	40	62	41	63	2.09e-06	38.1
bfaa01001728.1_scyliorhinus_torazame_dna_scf_scyto00001728_9576	Sto-Mir-27-P2_pre	100.000	20	0	0	43	62	41	60	2.09e-06	38.1
bfaa01001728.1_scyliorhinus_torazame_dna_scf_scyto00001728_9576	Sto-Novel-4_pre	100.000	12	0	0	15	26	46	35	0.058	23.3
bfaa01005422.1_scyliorhinus_torazame_dna_scf_scyto00005422_18158	Sto-Mir-19-P1_pre	100.000	58	0	0	1	58	1	58	1.39e-27	108
bfaa01005422.1_scyliorhinus_torazame_dna_scf_scyto00005422_18158	Sto-Mir-19-P2b_pre	95.652	23	1	0	36	58	40	62	1.85e-06	38.1
bfaa01005422.1_scyliorhinus_torazame_dna_scf_scyto00005422_18158	Sto-Mir-19-P2b_pre	90.000	20	0	2	1	18	60	41	0.014	25.1
bfaa01005422.1_scyliorhinus_torazame_dna_scf_scyto00005422_18158	Sto-Mir-19-P2a_pre	95.652	23	1	0	36	58	40	62	1.85e-06	38.1
bfaa01005422.1_scyliorhinus_torazame_dna_scf_scyto00005422_18158	Sto-Mir-19-P2a_pre	90.000	20	0	2	1	18	60	41	0.014	25.1
bfaa01008186.1_scyliorhinus_torazame_dna_scf_scyto00008186_21640	Sto-Mir-15-P2a_pre	100.000	65	0	0	1	65	1	65	2.05e-31	121
bfaa01008186.1_scyliorhinus_torazame_dna_scf_scyto00008186_21640	Sto-Mir-15-P2b_pre	91.667	24	2	0	40	63	32	55	2.75e-05	34.4
bfaa01008186.1_scyliorhinus_torazame_dna_scf_scyto00008186_21640	Sto-Mir-15-P2b_pre	95.000	20	1	0	1	20	1	20	9.90e-05	32.5
bfaa01080194.1_scyliorhinus_torazame_dna_scf_scyto00080195_28963	Sto-Mir-499_pre	100.000	58	0	0	1	58	1	58	1.39e-27	108
bfaa01002700.1_scyliorhinus_torazame_dna_scf_scyto00002700_12548	Sto-Mir-23-P2_pre	100.000	59	0	0	1	59	1	59	3.94e-28	110
bfaa01002700.1_scyliorhinus_torazame_dna_scf_scyto00002700_12548	Sto-Mir-23-P1_pre	83.607	61	6	4	1	59	1	59	1.87e-11	54.7
bfaa01002700.1_scyliorhinus_torazame_dna_scf_scyto00002700_12548	Sto-Mir-23-o1_pre	81.538	65	6	4	1	59	1	65	8.72e-10	49.1
bfaa01002700.1_scyliorhinus_torazame_dna_scf_scyto00002700_12548	Sto-Mir-23-o2_pre	100.000	23	0	0	37	59	37	59	4.06e-08	43.6
bfaa01000014.1_scyliorhinus_torazame_dna_scf_scyto00000014_251	Sto-Mir-23-o1_pre	100.000	65	0	0	1	65	1	65	2.05e-31	121
bfaa01000014.1_scyliorhinus_torazame_dna_scf_scyto00000014_251	Sto-Mir-23-P1_pre	84.615	65	4	3	1	65	1	59	4.54e-13	60.2
bfaa01000014.1_scyliorhinus_torazame_dna_scf_scyto00000014_251	Sto-Mir-23-P2_pre	81.538	65	6	4	1	65	1	59	9.83e-10	49.1
bfaa01000014.1_scyliorhinus_torazame_dna_scf_scyto00000014_251	Sto-Mir-23-o2_pre	100.000	23	0	0	43	65	37	59	4.57e-08	43.6
bfaa01000434.1_scyliorhinus_torazame_dna_scf_scyto00000434_3825	Sto-Mir-15-P2b_pre	100.000	57	0	0	1	57	1	57	4.88e-27	106
bfaa01000434.1_scyliorhinus_torazame_dna_scf_scyto00000434_3825	Sto-Mir-15-P2c_pre	95.238	21	1	0	1	21	1	21	2.34e-05	34.4
bfaa01000434.1_scyliorhinus_torazame_dna_scf_scyto00000434_3825	Sto-Mir-15-P2a_pre	91.667	24	2	0	32	55	40	63	2.34e-05	34.4
bfaa01000434.1_scyliorhinus_torazame_dna_scf_scyto00000434_3825	Sto-Mir-15-P2a_pre	95.000	20	1	0	1	20	1	20	8.41e-05	32.5
bfaa01002700.1_scyliorhinus_torazame_dna_scf_scyto00002700_12542	Sto-Mir-24-P2_pre	100.000	59	0	0	1	59	2	60	3.94e-28	110
bfaa01002700.1_scyliorhinus_torazame_dna_scf_scyto00002700_12542	Sto-Mir-24-o1_pre	86.207	58	6	2	1	57	2	58	1.12e-13	62.1
bfaa01002700.1_scyliorhinus_torazame_dna_scf_scyto00002700_12542	Sto-Mir-24-P1_pre	83.607	61	6	2	1	59	1	59	1.87e-11	54.7
bfaa01002700.1_scyliorhinus_torazame_dna_scf_scyto00002700_12542	Sto-Mir-24-o2_pre	81.667	60	10	1	1	59	2	61	8.72e-10	49.1
bfaa01001728.1_scyliorhinus_torazame_dna_scf_scyto00001728_9578	Sto-Mir-23-P1_pre	100.000	59	0	0	1	59	1	59	3.94e-28	110
bfaa01001728.1_scyliorhinus_torazame_dna_scf_scyto00001728_9578	Sto-Mir-23-o1_pre	84.615	65	4	3	1	59	1	65	4.03e-13	60.2
bfaa01001728.1_scyliorhinus_torazame_dna_scf_scyto00001728_9578	Sto-Mir-23-P2_pre	83.607	61	6	4	1	59	1	59	1.87e-11	54.7
bfaa01001728.1_scyliorhinus_torazame_dna_scf_scyto00001728_9578	Sto-Mir-23-o2_pre	100.000	23	0	0	37	59	37	59	4.06e-08	43.6
bfaa01002570.1_scyliorhinus_torazame_dna_scf_scyto00002570_12174	Sto-Mir-23-o2_pre	100.000	59	0	0	1	59	1	59	3.94e-28	110
bfaa01002570.1_scyliorhinus_torazame_dna_scf_scyto00002570_12174	Sto-Mir-23-o1_pre	100.000	23	0	0	37	59	43	65	4.06e-08	43.6
bfaa01002570.1_scyliorhinus_torazame_dna_scf_scyto00002570_12174	Sto-Mir-23-P2_pre	100.000	23	0	0	37	59	37	59	4.06e-08	43.6
bfaa01002570.1_scyliorhinus_torazame_dna_scf_scyto00002570_12174	Sto-Mir-23-P1_pre	100.000	23	0	0	37	59	37	59	4.06e-08	43.6
bfaa01002570.1_scyliorhinus_torazame_dna_scf_scyto00002570_12174	Sto-Mir-145_pre	100.000	11	0	0	1	11	22	12	0.19	21.4
bfaa01002570.1_scyliorhinus_torazame_dna_scf_scyto00002570_12174	Sto-Mir-145_pre	100.000	11	0	0	1	11	38	48	0.19	21.4
bfaa01000512.1_scyliorhinus_torazame_dna_scf_scyto00000512_4279	Sto-Mir-22-P1a_pre	100.000	63	0	0	1	63	1	63	2.56e-30	117
bfaa01000512.1_scyliorhinus_torazame_dna_scf_scyto00000512_4279	Sto-Mir-22-P1b_pre	80.952	63	9	3	1	63	1	60	3.40e-09	47.3
bfaa01006258.1_scyliorhinus_torazame_dna_scf_scyto00006258_19463	Sto-Mir-96-P1_pre	100.000	64	0	0	1	64	1	64	7.25e-31	119
bfaa01006258.1_scyliorhinus_torazame_dna_scf_scyto00006258_19463	Sto-Mir-27-P2_pre	100.000	12	0	0	14	25	30	41	0.058	23.3
bfaa01006258.1_scyliorhinus_torazame_dna_scf_scyto00006258_19463	Sto-Mir-92-P2b_pre	100.000	11	0	0	37	47	21	31	0.21	21.4
bfaa01017286.1_scyliorhinus_torazame_dna_scf_scyto00017286_26654	Sto-Mir-124-P2-v2_pre	100.000	56	0	0	1	56	1	56	1.72e-26	104
bfaa01017286.1_scyliorhinus_torazame_dna_scf_scyto00017286_26654	Sto-Mir-124-P2-v1_pre	100.000	56	0	0	1	56	1	56	1.72e-26	104
bfaa01017286.1_scyliorhinus_torazame_dna_scf_scyto00017286_26654	Sto-Mir-124-P1-v2_pre	98.214	56	1	0	1	56	1	56	7.99e-25	99.0
bfaa01017286.1_scyliorhinus_torazame_dna_scf_scyto00017286_26654	Sto-Mir-124-P1-v1_pre	98.214	56	1	0	1	56	1	56	7.99e-25	99.0
bfaa01017286.1_scyliorhinus_torazame_dna_scf_scyto00017286_26654	Sto-Mir-124-P3-v2_pre	96.491	57	1	1	1	56	1	57	3.72e-23	93.5
bfaa01017286.1_scyliorhinus_torazame_dna_scf_scyto00017286_26654	Sto-Mir-124-P3-v1_pre	96.491	57	1	1	1	56	1	57	3.72e-23	93.5
bfaa01017286.1_scyliorhinus_torazame_dna_scf_scyto00017286_26654	Sto-Mir-124-P4-v2_pre	94.643	56	3	0	1	56	1	56	1.73e-21	87.9
bfaa01017286.1_scyliorhinus_torazame_dna_scf_scyto00017286_26654	Sto-Mir-124-P4-v1_pre	94.643	56	3	0	1	56	1	56	1.73e-21	87.9
bfaa01221544.1_scyliorhinus_torazame_dna_scf_scyto00221545_30442	Sto-Mir-124-P1-v2_pre	100.000	56	0	0	1	56	1	56	1.72e-26	104
bfaa01221544.1_scyliorhinus_torazame_dna_scf_scyto00221545_30442	Sto-Mir-124-P1-v1_pre	100.000	56	0	0	1	56	1	56	1.72e-26	104
bfaa01221544.1_scyliorhinus_torazame_dna_scf_scyto00221545_30442	Sto-Mir-124-P3-v2_pre	98.246	57	0	1	1	56	1	57	7.99e-25	99.0
bfaa01221544.1_scyliorhinus_torazame_dna_scf_scyto00221545_30442	Sto-Mir-124-P3-v1_pre	98.246	57	0	1	1	56	1	57	7.99e-25	99.0
bfaa01221544.1_scyliorhinus_torazame_dna_scf_scyto00221545_30442	Sto-Mir-124-P2-v2_pre	98.214	56	1	0	1	56	1	56	7.99e-25	99.0
bfaa01221544.1_scyliorhinus_torazame_dna_scf_scyto00221545_30442	Sto-Mir-124-P2-v1_pre	98.214	56	1	0	1	56	1	56	7.99e-25	99.0
bfaa01221544.1_scyliorhinus_torazame_dna_scf_scyto00221545_30442	Sto-Mir-124-P4-v2_pre	92.857	56	4	0	1	56	1	56	8.05e-20	82.4
bfaa01221544.1_scyliorhinus_torazame_dna_scf_scyto00221545_30442	Sto-Mir-124-P4-v1_pre	92.857	56	4	0	1	56	1	56	8.05e-20	82.4
bfaa01001931.1_scyliorhinus_torazame_dna_scf_scyto00001931_10318	Sto-Mir-124-P3-v2_pre	100.000	57	0	0	1	57	1	57	4.88e-27	106
bfaa01001931.1_scyliorhinus_torazame_dna_scf_scyto00001931_10318	Sto-Mir-124-P3-v1_pre	100.000	57	0	0	1	57	1	57	4.88e-27	106
bfaa01001931.1_scyliorhinus_torazame_dna_scf_scyto00001931_10318	Sto-Mir-124-P1-v2_pre	98.246	57	0	1	1	57	1	56	8.17e-25	99.0
bfaa01001931.1_scyliorhinus_torazame_dna_scf_scyto00001931_10318	Sto-Mir-124-P1-v1_pre	98.246	57	0	1	1	57	1	56	8.17e-25	99.0
bfaa01001931.1_scyliorhinus_torazame_dna_scf_scyto00001931_10318	Sto-Mir-124-P2-v2_pre	96.491	57	1	1	1	57	1	56	3.80e-23	93.5
bfaa01001931.1_scyliorhinus_torazame_dna_scf_scyto00001931_10318	Sto-Mir-124-P2-v1_pre	96.491	57	1	1	1	57	1	56	3.80e-23	93.5
bfaa01001931.1_scyliorhinus_torazame_dna_scf_scyto00001931_10318	Sto-Mir-124-P4-v2_pre	91.228	57	4	1	1	57	1	56	3.83e-18	76.8
bfaa01001931.1_scyliorhinus_torazame_dna_scf_scyto00001931_10318	Sto-Mir-124-P4-v1_pre	91.228	57	4	1	1	57	1	56	3.83e-18	76.8
bfaa01002990.1_scyliorhinus_torazame_dna_scf_scyto00002990_13225	Sto-Mir-430-o28_pre	100.000	55	0	0	1	55	1	55	6.04e-26	102
bfaa01001833.1_scyliorhinus_torazame_dna_scf_scyto00001833_9955	Sto-Mir-135-P1_pre	100.000	59	0	0	1	59	1	59	3.94e-28	110
bfaa01001833.1_scyliorhinus_torazame_dna_scf_scyto00001833_9955	Sto-Mir-135-P2_pre	84.746	59	6	3	1	58	1	57	5.21e-12	56.5
bfaa01001833.1_scyliorhinus_torazame_dna_scf_scyto00001833_9955	Sto-Mir-135-P3_pre	81.356	59	9	2	1	58	1	58	3.14e-09	47.3
bfaa01000334.1_scyliorhinus_torazame_dna_scf_scyto00000334_3201	Sto-Mir-135-P3_pre	100.000	60	0	0	1	60	1	60	1.12e-28	111
bfaa01000334.1_scyliorhinus_torazame_dna_scf_scyto00000334_3201	Sto-Mir-135-P1_pre	81.356	59	9	2	1	58	1	58	3.20e-09	47.3
bfaa01000334.1_scyliorhinus_torazame_dna_scf_scyto00000334_3201	Sto-Mir-135-P2_pre	100.000	24	0	0	1	24	1	24	1.15e-08	45.4
bfaa01002690.1_scyliorhinus_torazame_dna_scf_scyto00002690_12516	Sto-Mir-193-P1b_pre	100.000	61	0	0	1	61	1	61	3.18e-29	113
bfaa01004133.1_scyliorhinus_torazame_dna_scf_scyto00004133_15808	Sto-Mir-456_pre	100.000	61	0	0	1	61	1	61	3.24e-29	113
bfaa01005977.1_scyliorhinus_torazame_dna_scf_scyto00005977_19046	Sto-Mir-130-P2a_pre	100.000	60	0	0	1	60	1	60	1.12e-28	111
bfaa01005977.1_scyliorhinus_torazame_dna_scf_scyto00005977_19046	Sto-Mir-130-P2b_pre	88.136	59	5	2	3	60	1	58	6.83e-16	69.4
bfaa01005977.1_scyliorhinus_torazame_dna_scf_scyto00005977_19046	Sto-Mir-130-P4o1_pre	100.000	14	0	0	12	25	50	37	0.004	27.0
bfaa01005977.1_scyliorhinus_torazame_dna_scf_scyto00005977_19046	Sto-Mir-8-P1a_pre	100.000	13	0	0	34	46	34	22	0.015	25.1
bfaa01005977.1_scyliorhinus_torazame_dna_scf_scyto00005977_19046	Sto-Mir-130-P4b_pre	100.000	12	0	0	11	22	52	41	0.054	23.3
bfaa01005977.1_scyliorhinus_torazame_dna_scf_scyto00005977_19046	Sto-Mir-130-P4a_pre	100.000	12	0	0	11	22	50	39	0.054	23.3
bfaa01005977.1_scyliorhinus_torazame_dna_scf_scyto00005977_19046	Sto-Mir-130-P3b_pre	100.000	12	0	0	36	47	35	46	0.054	23.3
bfaa01005977.1_scyliorhinus_torazame_dna_scf_scyto00005977_19046	Sto-Mir-130-P3a_pre	100.000	12	0	0	36	47	40	51	0.054	23.3
bfaa01005977.1_scyliorhinus_torazame_dna_scf_scyto00005977_19046	Sto-Mir-130-P1b_pre	93.333	15	1	0	33	47	34	48	0.054	23.3
bfaa01005977.1_scyliorhinus_torazame_dna_scf_scyto00005977_19046	Sto-Mir-210-P2_pre	93.333	15	0	1	15	29	16	29	0.19	21.4
bfaa01005977.1_scyliorhinus_torazame_dna_scf_scyto00005977_19046	Sto-Mir-34-P3c_pre	92.857	14	1	0	31	44	20	7	0.19	21.4
bfaa01014933.1_scyliorhinus_torazame_dna_scf_scyto00014933_25900	Sto-Mir-139_pre	100.000	60	0	0	1	60	1	60	1.12e-28	111
bfaa01003480.1_scyliorhinus_torazame_dna_scf_scyto00003480_14416	Sto-Mir-34-P3c_pre	100.000	64	0	0	1	64	1	64	7.25e-31	119
bfaa01003480.1_scyliorhinus_torazame_dna_scf_scyto00003480_14416	Sto-Mir-34-P3d_pre	91.667	24	2	0	1	24	1	24	2.70e-05	34.4
bfaa01003480.1_scyliorhinus_torazame_dna_scf_scyto00003480_14416	Sto-Mir-130-P2a_pre	100.000	11	0	0	10	20	41	31	0.21	21.4
bfaa01000434.1_scyliorhinus_torazame_dna_scf_scyto00000434_3827	Sto-Mir-15-P1b_pre	100.000	60	0	0	1	60	1	60	1.12e-28	111
bfaa01000434.1_scyliorhinus_torazame_dna_scf_scyto00000434_3827	Sto-Mir-15-P1c_pre	95.238	21	1	0	2	22	2	22	2.49e-05	34.4
bfaa01000434.1_scyliorhinus_torazame_dna_scf_scyto00000434_3827	Sto-Mir-15-P1a_pre	95.000	20	1	0	1	20	1	20	8.97e-05	32.5
bfaa01000434.1_scyliorhinus_torazame_dna_scf_scyto00000434_3827	Sto-Mir-24-o1_pre	100.000	13	0	0	29	41	35	23	0.015	25.1
bfaa01000434.1_scyliorhinus_torazame_dna_scf_scyto00000434_3827	Sto-Mir-15-P2c_pre	100.000	11	0	0	1	11	1	11	0.19	21.4
bfaa01002638.1_scyliorhinus_torazame_dna_scf_scyto00002638_12370	Sto-Mir-129-P1_pre	100.000	66	0	0	1	66	1	66	5.82e-32	122
bfaa01002638.1_scyliorhinus_torazame_dna_scf_scyto00002638_12370	Sto-Mir-129-P2_pre	79.688	64	8	4	1	63	1	60	1.68e-07	41.7
bfaa01000014.1_scyliorhinus_torazame_dna_scf_scyto00000014_255	Sto-Mir-24-o1_pre	100.000	57	0	0	1	57	2	58	4.88e-27	106
bfaa01000014.1_scyliorhinus_torazame_dna_scf_scyto00000014_255	Sto-Mir-24-o1_pre	100.000	12	0	0	11	22	23	12	0.051	23.3
bfaa01000014.1_scyliorhinus_torazame_dna_scf_scyto00000014_255	Sto-Mir-24-P2_pre	86.207	58	6	2	1	57	2	58	1.07e-13	62.1
bfaa01000014.1_scyliorhinus_torazame_dna_scf_scyto00000014_255	Sto-Mir-24-P1_pre	81.034	58	9	2	1	57	1	57	1.08e-08	45.4
bfaa01000014.1_scyliorhinus_torazame_dna_scf_scyto00000014_255	Sto-Mir-24-o2_pre	79.661	59	9	3	1	57	2	59	5.02e-07	39.9
bfaa01000014.1_scyliorhinus_torazame_dna_scf_scyto00000014_255	Sto-Mir-15-P1b_pre	100.000	13	0	0	22	34	41	29	0.014	25.1
bfaa01000014.1_scyliorhinus_torazame_dna_scf_scyto00000014_255	Sto-Mir-181-P2b_pre	100.000	11	0	0	17	27	47	37	0.18	21.4
bfaa01002633.1_scyliorhinus_torazame_dna_scf_scyto00002633_12357	Sto-Mir-192-P2_pre	100.000	62	0	0	1	62	1	62	9.02e-30	115
bfaa01002408.1_scyliorhinus_torazame_dna_scf_scyto00002408_11733	Sto-Mir-22-P1b_pre	100.000	60	0	0	1	60	1	60	1.12e-28	111
bfaa01002408.1_scyliorhinus_torazame_dna_scf_scyto00002408_11733	Sto-Mir-22-P1a_pre	81.250	64	7	3	1	60	1	63	3.20e-09	47.3
bfaa01000014.1_scyliorhinus_torazame_dna_scf_scyto00000014_253	Sto-Mir-27-o1_pre	100.000	65	0	0	1	65	2	66	2.05e-31	121
bfaa01000014.1_scyliorhinus_torazame_dna_scf_scyto00000014_253	Sto-Mir-27-P2_pre	100.000	20	0	0	43	62	41	60	2.13e-06	38.1
bfaa01000014.1_scyliorhinus_torazame_dna_scf_scyto00000014_253	Sto-Mir-27-P1_pre	95.652	23	1	0	40	62	40	62	2.13e-06	38.1
bfaa01005977.1_scyliorhinus_torazame_dna_scf_scyto00005977_19043	Sto-Mir-130-P3a_pre	100.000	62	0	0	1	62	1	62	9.02e-30	115
bfaa01005977.1_scyliorhinus_torazame_dna_scf_scyto00005977_19043	Sto-Mir-130-P3b_pre	82.258	62	6	3	1	62	1	57	9.27e-10	49.1
bfaa01005977.1_scyliorhinus_torazame_dna_scf_scyto00005977_19043	Sto-Mir-130-P1b_pre	91.304	23	2	0	40	62	37	59	9.34e-05	32.5
bfaa01005977.1_scyliorhinus_torazame_dna_scf_scyto00005977_19043	Sto-Mir-130-P2b_pre	100.000	13	0	0	39	51	33	45	0.016	25.1
bfaa01005977.1_scyliorhinus_torazame_dna_scf_scyto00005977_19043	Sto-Mir-130-P2a_pre	100.000	12	0	0	40	51	36	47	0.056	23.3
bfaa01005977.1_scyliorhinus_torazame_dna_scf_scyto00005977_19043	Sto-Novel-3_pre	100.000	11	0	0	47	57	25	15	0.20	21.4
bfaa01005977.1_scyliorhinus_torazame_dna_scf_scyto00005977_19043	Sto-Mir-208-P2_pre	100.000	11	0	0	47	57	25	15	0.20	21.4
bfaa01005977.1_scyliorhinus_torazame_dna_scf_scyto00005977_19043	Sto-Mir-130-P4a_pre	92.857	14	1	0	40	53	39	52	0.20	21.4
bfaa01005977.1_scyliorhinus_torazame_dna_scf_scyto00005977_19043	Sto-Mir-92-P1c_pre	100.000	11	0	0	43	53	50	40	0.20	21.4
bfaa01000096.1_scyliorhinus_torazame_dna_scf_scyto00000096_1206	Sto-Mir-138-P1_pre	100.000	61	0	0	1	61	1	61	3.18e-29	113
bfaa01000096.1_scyliorhinus_torazame_dna_scf_scyto00000096_1206	Sto-Mir-138-P1_pre	75.862	58	10	4	3	58	58	3	0.004	27.0
bfaa01000096.1_scyliorhinus_torazame_dna_scf_scyto00000096_1206	Sto-Mir-138-P2_pre	80.882	68	6	4	1	61	1	68	3.27e-09	47.3
bfaa01000096.1_scyliorhinus_torazame_dna_scf_scyto00000096_1206	Sto-Mir-138-P2_pre	100.000	13	0	0	46	58	15	3	0.015	25.1
bfaa01000096.1_scyliorhinus_torazame_dna_scf_scyto00000096_1206	Sto-Mir-138-P2_pre	100.000	13	0	0	3	15	65	53	0.015	25.1
bfaa01012481.1_scyliorhinus_torazame_dna_scf_scyto00012481_24813	Sto-Mir-130-P1b_pre	100.000	60	0	0	1	60	1	60	1.12e-28	111
bfaa01012481.1_scyliorhinus_torazame_dna_scf_scyto00012481_24813	Sto-Mir-130-P3b_pre	91.304	23	2	0	37	59	35	57	8.97e-05	32.5
bfaa01012481.1_scyliorhinus_torazame_dna_scf_scyto00012481_24813	Sto-Mir-130-P3a_pre	91.304	23	2	0	37	59	40	62	8.97e-05	32.5
bfaa01012481.1_scyliorhinus_torazame_dna_scf_scyto00012481_24813	Sto-Mir-130-P4a_pre	93.750	16	1	0	36	51	38	53	0.015	25.1
bfaa01012481.1_scyliorhinus_torazame_dna_scf_scyto00012481_24813	Sto-Mir-130-P2b_pre	100.000	12	0	0	37	48	34	45	0.054	23.3
bfaa01012481.1_scyliorhinus_torazame_dna_scf_scyto00012481_24813	Sto-Mir-130-P2a_pre	93.333	15	1	0	34	48	33	47	0.054	23.3
bfaa01012481.1_scyliorhinus_torazame_dna_scf_scyto00012481_24813	Sto-Mir-92-P1c_pre	93.333	15	1	0	40	54	50	36	0.054	23.3
bfaa01012481.1_scyliorhinus_torazame_dna_scf_scyto00012481_24813	Sto-Mir-8-P1a_pre	100.000	11	0	0	37	47	32	22	0.19	21.4
bfaa01329546.1_scyliorhinus_torazame_dna_scf_scyto00329547_31080	Sto-Mir-129-P2_pre	100.000	63	0	0	1	63	1	63	2.56e-30	117
bfaa01329546.1_scyliorhinus_torazame_dna_scf_scyto00329547_31080	Sto-Mir-129-P1_pre	79.688	64	8	4	1	60	1	63	1.58e-07	41.7
bfaa01002757.1_scyliorhinus_torazame_dna_scf_scyto00002757_12675	Sto-Mir-338-P2_pre	100.000	60	0	0	1	60	1	60	1.12e-28	111
bfaa01002757.1_scyliorhinus_torazame_dna_scf_scyto00002757_12675	Sto-Mir-338-P1_pre	82.258	62	7	3	1	60	1	60	2.48e-10	51.0
bfaa01002757.1_scyliorhinus_torazame_dna_scf_scyto00002757_12675	Sto-Mir-7-P3_pre	100.000	13	0	0	47	59	10	22	0.015	25.1
bfaa01002757.1_scyliorhinus_torazame_dna_scf_scyto00002757_12675	Sto-Mir-7-P2_pre	100.000	13	0	0	47	59	10	22	0.015	25.1
bfaa01002757.1_scyliorhinus_torazame_dna_scf_scyto00002757_12675	Sto-Mir-7-P1_pre	100.000	13	0	0	47	59	10	22	0.015	25.1
bfaa01012481.1_scyliorhinus_torazame_dna_scf_scyto00012481_24807	Sto-Mir-130-P3b_pre	100.000	55	0	0	1	55	3	57	6.04e-26	102
bfaa01012481.1_scyliorhinus_torazame_dna_scf_scyto00012481_24807	Sto-Mir-130-P3a_pre	81.667	60	6	3	1	55	3	62	1.03e-08	45.4
bfaa01012481.1_scyliorhinus_torazame_dna_scf_scyto00012481_24807	Sto-Mir-130-P2b_pre	100.000	17	0	0	28	44	29	45	8.03e-05	32.5
bfaa01012481.1_scyliorhinus_torazame_dna_scf_scyto00012481_24807	Sto-Mir-130-P1b_pre	91.304	23	2	0	33	55	37	59	8.03e-05	32.5
bfaa01012481.1_scyliorhinus_torazame_dna_scf_scyto00012481_24807	Sto-Mir-130-P2a_pre	100.000	12	0	0	33	44	36	47	0.048	23.3
bfaa01012481.1_scyliorhinus_torazame_dna_scf_scyto00012481_24807	Sto-Novel-3_pre	100.000	11	0	0	40	50	25	15	0.17	21.4
bfaa01012481.1_scyliorhinus_torazame_dna_scf_scyto00012481_24807	Sto-Mir-208-P2_pre	100.000	11	0	0	40	50	25	15	0.17	21.4
bfaa01012481.1_scyliorhinus_torazame_dna_scf_scyto00012481_24807	Sto-Mir-196-P3_pre	100.000	11	0	0	4	14	8	18	0.17	21.4
bfaa01012481.1_scyliorhinus_torazame_dna_scf_scyto00012481_24807	Sto-Mir-196-P1_pre	100.000	11	0	0	4	14	8	18	0.17	21.4
bfaa01012481.1_scyliorhinus_torazame_dna_scf_scyto00012481_24807	Sto-Mir-130-P4a_pre	92.857	14	1	0	33	46	39	52	0.17	21.4
bfaa01012481.1_scyliorhinus_torazame_dna_scf_scyto00012481_24807	Sto-Mir-92-P1c_pre	100.000	11	0	0	36	46	50	40	0.17	21.4
bfaa01012481.1_scyliorhinus_torazame_dna_scf_scyto00012481_24807	Sto-Mir-8-P1a_pre	100.000	11	0	0	33	43	32	22	0.17	21.4
bfaa01002606.1_scyliorhinus_torazame_dna_scf_scyto00002606_12276	Sto-Let-7-P2c1_pre	100.000	75	0	0	1	75	1	75	6.85e-37	139
bfaa01002606.1_scyliorhinus_torazame_dna_scf_scyto00002606_12276	Sto-Let-7-P2b2_pre	79.452	73	14	1	2	73	2	74	3.30e-10	51.0
bfaa01002606.1_scyliorhinus_torazame_dna_scf_scyto00002606_12276	Sto-Let-7-P1b_pre	92.308	26	1	1	2	26	2	27	9.24e-06	36.2
bfaa01002606.1_scyliorhinus_torazame_dna_scf_scyto00002606_12276	Sto-Let-7-P1b_pre	85.000	20	3	0	53	72	22	3	0.26	21.4
bfaa01002606.1_scyliorhinus_torazame_dna_scf_scyto00002606_12276	Sto-Let-7-P2a3_pre	95.238	21	1	0	2	22	2	22	3.32e-05	34.4
bfaa01002606.1_scyliorhinus_torazame_dna_scf_scyto00002606_12276	Sto-Let-7-P2a3_pre	82.759	29	5	0	47	75	43	71	0.006	27.0
bfaa01002606.1_scyliorhinus_torazame_dna_scf_scyto00002606_12276	Sto-Let-7-P2a3_pre	85.000	20	3	0	53	72	22	3	0.26	21.4
bfaa01002606.1_scyliorhinus_torazame_dna_scf_scyto00002606_12276	Sto-Let-7-P2a2_pre	95.238	21	1	0	2	22	2	22	3.32e-05	34.4
bfaa01002606.1_scyliorhinus_torazame_dna_scf_scyto00002606_12276	Sto-Let-7-P2a2_pre	85.185	27	4	0	49	75	45	71	0.002	28.8
bfaa01002606.1_scyliorhinus_torazame_dna_scf_scyto00002606_12276	Sto-Let-7-P2a2_pre	85.000	20	3	0	53	72	22	3	0.26	21.4
bfaa01002606.1_scyliorhinus_torazame_dna_scf_scyto00002606_12276	Sto-Let-7-P2a1_pre	95.238	21	1	0	2	22	2	22	3.32e-05	34.4
bfaa01002606.1_scyliorhinus_torazame_dna_scf_scyto00002606_12276	Sto-Let-7-P2a1_pre	86.207	29	4	0	47	75	43	71	1.20e-04	32.5
bfaa01002606.1_scyliorhinus_torazame_dna_scf_scyto00002606_12276	Sto-Let-7-P2a1_pre	85.000	20	3	0	53	72	22	3	0.26	21.4
bfaa01002606.1_scyliorhinus_torazame_dna_scf_scyto00002606_12276	Sto-Let-7-P1c_pre	95.238	21	1	0	2	22	2	22	3.32e-05	34.4
bfaa01002606.1_scyliorhinus_torazame_dna_scf_scyto00002606_12276	Sto-Let-7-P1c_pre	93.750	16	1	0	47	62	38	53	0.020	25.1
bfaa01002606.1_scyliorhinus_torazame_dna_scf_scyto00002606_12276	Sto-Let-7-P1c_pre	85.000	20	3	0	53	72	22	3	0.26	21.4
bfaa01002606.1_scyliorhinus_torazame_dna_scf_scyto00002606_12276	Sto-Let-7-P1a_pre	95.238	21	1	0	2	22	2	22	3.32e-05	34.4
bfaa01002606.1_scyliorhinus_torazame_dna_scf_scyto00002606_12276	Sto-Let-7-P1a_pre	85.000	20	3	0	53	72	22	3	0.26	21.4
bfaa01023372.1_scyliorhinus_torazame_dna_scf_scyto00023372_27574	Sto-Mir-144_pre	100.000	58	0	0	1	58	1	58	1.39e-27	108
bfaa01003824.1_scyliorhinus_torazame_dna_scf_scyto00003824_15160	Sto-Mir-137-P1_pre	100.000	59	0	0	1	59	1	59	4.03e-28	110
bfaa01004041.1_scyliorhinus_torazame_dna_scf_scyto00004041_15608	Sto-Mir-103-P3_pre	100.000	60	0	0	1	60	1	60	1.12e-28	111
bfaa01004041.1_scyliorhinus_torazame_dna_scf_scyto00004041_15608	Sto-Mir-103-P2_pre	94.828	58	3	0	1	58	1	58	1.46e-22	91.6
bfaa01004041.1_scyliorhinus_torazame_dna_scf_scyto00004041_15608	Sto-Mir-103-P1_pre	91.228	57	5	0	2	58	2	58	1.14e-18	78.7
bfaa01001997.1_scyliorhinus_torazame_dna_scf_scyto00001997_10547	Sto-Mir-202_pre	100.000	58	0	0	1	58	1	58	1.39e-27	108
bfaa01000670.1_scyliorhinus_torazame_dna_scf_scyto00000670_5087	Sto-Mir-1388_pre	100.000	60	0	0	1	60	1	60	1.12e-28	111
bfaa01048252.1_scyliorhinus_torazame_dna_scf_scyto00048252_28478	Sto-Mir-130-P4o1_pre	100.000	66	0	0	1	66	1	66	5.82e-32	122
bfaa01048252.1_scyliorhinus_torazame_dna_scf_scyto00048252_28478	Sto-Mir-130-P4a_pre	81.818	66	9	3	1	65	1	64	7.74e-11	52.8
bfaa01048252.1_scyliorhinus_torazame_dna_scf_scyto00048252_28478	Sto-Mir-130-P4b_pre	77.941	68	10	4	1	65	1	66	2.17e-06	38.1
bfaa01048252.1_scyliorhinus_torazame_dna_scf_scyto00048252_28478	Sto-Mir-130-P2a_pre	100.000	14	0	0	37	50	25	12	0.005	27.0
bfaa01048252.1_scyliorhinus_torazame_dna_scf_scyto00048252_28478	Sto-Mir-130-P2b_pre	100.000	13	0	0	38	50	22	10	0.017	25.1
bfaa01048146.1_scyliorhinus_torazame_dna_scf_scyto00048146_28470	Sto-Mir-132-P1_pre	100.000	60	0	0	1	60	1	60	1.12e-28	111
bfaa01001329.1_scyliorhinus_torazame_dna_scf_scyto00001329_8158	Sto-Mir-216-P1a_pre	100.000	62	0	0	1	62	1	62	9.02e-30	115
bfaa01001329.1_scyliorhinus_torazame_dna_scf_scyto00001329_8158	Sto-Mir-216-P1b_pre	86.207	29	3	1	1	28	1	29	3.36e-04	30.7
bfaa01008895.1_scyliorhinus_torazame_dna_scf_scyto00008895_22309	Sto-Mir-33-P1_pre	100.000	60	0	0	1	60	1	60	1.12e-28	111
bfaa01008895.1_scyliorhinus_torazame_dna_scf_scyto00008895_22309	Sto-Mir-33-P2_pre	100.000	25	0	0	1	25	1	25	3.20e-09	47.3
bfaa01003200.1_scyliorhinus_torazame_dna_scf_scyto00003200_13728	Sto-Mir-221-P3_pre	100.000	64	0	0	1	64	1	64	7.25e-31	119
bfaa01003200.1_scyliorhinus_torazame_dna_scf_scyto00003200_13728	Sto-Mir-221-P2_pre	79.688	64	10	3	1	64	1	61	4.49e-08	43.6
bfaa01003200.1_scyliorhinus_torazame_dna_scf_scyto00003200_13728	Sto-Mir-92-P1b_pre	100.000	11	0	0	53	63	19	29	0.21	21.4
bfaa01011895.1_scyliorhinus_torazame_dna_scf_scyto00011895_24515	Sto-Mir-338-P1_pre	100.000	60	0	0	1	60	1	60	1.12e-28	111
bfaa01011895.1_scyliorhinus_torazame_dna_scf_scyto00011895_24515	Sto-Mir-338-P2_pre	82.258	62	7	3	1	60	1	60	2.48e-10	51.0
bfaa01011895.1_scyliorhinus_torazame_dna_scf_scyto00011895_24515	Sto-Mir-7-P3_pre	100.000	13	0	0	47	59	10	22	0.015	25.1
bfaa01011895.1_scyliorhinus_torazame_dna_scf_scyto00011895_24515	Sto-Mir-7-P2_pre	100.000	13	0	0	47	59	10	22	0.015	25.1
bfaa01011895.1_scyliorhinus_torazame_dna_scf_scyto00011895_24515	Sto-Mir-7-P1_pre	100.000	13	0	0	47	59	10	22	0.015	25.1
bfaa01011961.1_scyliorhinus_torazame_dna_scf_scyto00011961_24545	Sto-Mir-193-P2b_pre	95.238	21	1	0	32	52	38	58	2.23e-05	34.4
bfaa01011961.1_scyliorhinus_torazame_dna_scf_scyto00011961_24545	Sto-Mir-1788_pre	100.000	12	0	0	6	17	31	42	0.048	23.3
bfaa01004289.1_scyliorhinus_torazame_dna_scf_scyto00004289_16138	Sto-Mir-29-P2a_pre	100.000	60	0	0	1	60	1	60	1.12e-28	111
bfaa01004289.1_scyliorhinus_torazame_dna_scf_scyto00004289_16138	Sto-Mir-29-P2b_pre	85.246	61	8	1	1	60	2	62	1.14e-13	62.1
bfaa01004289.1_scyliorhinus_torazame_dna_scf_scyto00004289_16138	Sto-Mir-29-P1b_pre	100.000	19	0	0	39	57	37	55	6.93e-06	36.2
bfaa01004289.1_scyliorhinus_torazame_dna_scf_scyto00004289_16138	Sto-Mir-29-P1a_pre	100.000	19	0	0	39	57	37	55	6.93e-06	36.2
bfaa01007060.1_scyliorhinus_torazame_dna_scf_scyto00007060_20477	Sto-Mir-214-v2_pre	100.000	59	0	0	1	59	59	1	3.94e-28	110
bfaa01007060.1_scyliorhinus_torazame_dna_scf_scyto00007060_20477	Sto-Mir-214-v1_pre	100.000	59	0	0	1	59	59	1	3.94e-28	110
bfaa01000970.1_scyliorhinus_torazame_dna_scf_scyto00000970_6601	Sto-Mir-551-P2_pre	100.000	59	0	0	1	59	1	59	3.94e-28	110
bfaa01001640.1_scyliorhinus_torazame_dna_scf_scyto00001640_9293	Sto-Mir-155_pre	100.000	11	0	0	55	65	38	28	0.34	21.4
bfaa01000216.1_scyliorhinus_torazame_dna_scf_scyto00000216_2334	Sto-Mir-455_pre	100.000	58	0	0	1	58	1	58	1.42e-27	108
bfaa01000216.1_scyliorhinus_torazame_dna_scf_scyto00000216_2334	Sto-Mir-1-P2_pre	100.000	11	0	0	46	56	22	12	0.19	21.4
bfaa01000216.1_scyliorhinus_torazame_dna_scf_scyto00000216_2334	Sto-Mir-1-P1_pre	100.000	11	0	0	46	56	22	12	0.19	21.4
bfaa01000988.1_scyliorhinus_torazame_dna_scf_scyto00000988_6698	Sto-Mir-32_pre	100.000	62	0	0	1	62	1	62	9.02e-30	115
bfaa01001192.1_scyliorhinus_torazame_dna_scf_scyto00001192_7569	Sto-Mir-30-P2a_pre	100.000	11	0	0	21	31	28	38	0.19	21.4
bfaa01001192.1_scyliorhinus_torazame_dna_scf_scyto00001192_7570	Sto-Mir-92-P2d_pre	100.000	11	0	0	23	33	23	33	0.14	21.4
bfaa01000003.1_scyliorhinus_torazame_dna_scf_scyto00000003_76	Sto-Mir-17-P1a_pre	89.474	19	1	1	12	29	39	57	0.054	23.3
bfaa01001385.1_scyliorhinus_torazame_dna_scf_scyto00001385_8357	Sto-Mir-21_pre	100.000	60	0	0	1	60	1	60	1.12e-28	111
bfaa01000344.1_scyliorhinus_torazame_dna_scf_scyto00000344_3268	Sto-Mir-29-P2b_pre	100.000	60	0	0	1	60	3	62	1.12e-28	111
bfaa01000344.1_scyliorhinus_torazame_dna_scf_scyto00000344_3268	Sto-Mir-29-P2a_pre	85.000	60	8	1	1	60	2	60	4.11e-13	60.2
bfaa01000344.1_scyliorhinus_torazame_dna_scf_scyto00000344_3268	Sto-Mir-29-P1b_pre	100.000	20	0	0	38	57	36	55	1.93e-06	38.1
bfaa01000344.1_scyliorhinus_torazame_dna_scf_scyto00000344_3268	Sto-Mir-29-P1a_pre	100.000	19	0	0	39	57	37	55	6.93e-06	36.2
bfaa01000459.1_scyliorhinus_torazame_dna_scf_scyto00000459_4014	Sto-Mir-10-P2a_pre	100.000	57	0	0	1	57	57	1	5.21e-27	106
bfaa01000459.1_scyliorhinus_torazame_dna_scf_scyto00000459_4014	Sto-Mir-10-P2b_pre	100.000	20	0	0	38	57	20	1	1.93e-06	38.1
bfaa01000459.1_scyliorhinus_torazame_dna_scf_scyto00000459_4014	Sto-Mir-10-P2c_pre	95.455	22	1	0	36	57	22	1	6.93e-06	36.2
bfaa01000459.1_scyliorhinus_torazame_dna_scf_scyto00000459_4014	Sto-Mir-10-P1a-v2_pre	91.667	24	1	1	34	56	24	1	8.97e-05	32.5
bfaa01000459.1_scyliorhinus_torazame_dna_scf_scyto00000459_4014	Sto-Mir-10-P1a-v1_pre	91.667	24	1	1	34	56	25	2	8.97e-05	32.5
bfaa01000061.1_scyliorhinus_torazame_dna_scf_scyto00000061_868	Sto-Mir-101-P1-v2_pre	100.000	57	0	0	1	57	2	58	4.88e-27	106
bfaa01000061.1_scyliorhinus_torazame_dna_scf_scyto00000061_868	Sto-Mir-101-P1-v2_pre	94.444	18	1	0	39	56	18	1	0.001	28.8
bfaa01000061.1_scyliorhinus_torazame_dna_scf_scyto00000061_868	Sto-Mir-101-P1-v2_pre	94.118	17	1	0	1	17	56	40	0.004	27.0
bfaa01000061.1_scyliorhinus_torazame_dna_scf_scyto00000061_868	Sto-Mir-101-P1-v1_pre	100.000	57	0	0	1	57	1	57	4.88e-27	106
bfaa01000061.1_scyliorhinus_torazame_dna_scf_scyto00000061_868	Sto-Mir-101-P1-v1_pre	94.118	17	1	0	39	55	17	1	0.004	27.0
bfaa01000061.1_scyliorhinus_torazame_dna_scf_scyto00000061_868	Sto-Mir-101-P1-v1_pre	94.118	17	1	0	1	17	55	39	0.004	27.0
bfaa01000061.1_scyliorhinus_torazame_dna_scf_scyto00000061_868	Sto-Mir-101-P2-v2_pre	84.211	57	9	0	1	57	2	58	4.99e-12	56.5
bfaa01000061.1_scyliorhinus_torazame_dna_scf_scyto00000061_868	Sto-Mir-101-P2-v2_pre	94.118	17	1	0	1	17	56	40	0.004	27.0
bfaa01000061.1_scyliorhinus_torazame_dna_scf_scyto00000061_868	Sto-Mir-101-P2-v2_pre	93.750	16	1	0	41	56	16	1	0.014	25.1
bfaa01000061.1_scyliorhinus_torazame_dna_scf_scyto00000061_868	Sto-Mir-101-P2-v1_pre	84.211	57	9	0	1	57	1	57	4.99e-12	56.5
bfaa01000061.1_scyliorhinus_torazame_dna_scf_scyto00000061_868	Sto-Mir-101-P2-v1_pre	94.118	17	1	0	1	17	55	39	0.004	27.0
bfaa01000061.1_scyliorhinus_torazame_dna_scf_scyto00000061_868	Sto-Mir-19-P2b_pre	100.000	13	0	0	12	24	30	42	0.014	25.1
bfaa01001094.1_scyliorhinus_torazame_dna_scf_scyto00001094_7198	Sto-Mir-128-P3_pre	100.000	56	0	0	1	56	1	56	1.72e-26	104
bfaa01001094.1_scyliorhinus_torazame_dna_scf_scyto00001094_7198	Sto-Mir-128-P2_pre	91.071	56	5	0	1	56	1	56	3.74e-18	76.8
bfaa01001094.1_scyliorhinus_torazame_dna_scf_scyto00001094_7198	Sto-Mir-128-P1_pre	100.000	21	0	0	36	56	34	54	4.91e-07	39.9
bfaa01000071.1_scyliorhinus_torazame_dna_scf_scyto00000071_956	Sto-Mir-146-o1_pre	100.000	64	0	0	1	64	1	64	7.25e-31	119
bfaa01000071.1_scyliorhinus_torazame_dna_scf_scyto00000071_956	Sto-Mir-146-P3_pre	100.000	18	0	0	1	18	1	18	2.70e-05	34.4
bfaa01000934.1_scyliorhinus_torazame_dna_scf_scyto00000934_6422	Sto-Mir-205-P3_pre	100.000	62	0	0	1	62	1	62	9.02e-30	115
bfaa01000934.1_scyliorhinus_torazame_dna_scf_scyto00000934_6422	Sto-Mir-205-P1_pre	100.000	23	0	0	1	23	1	23	4.31e-08	43.6
bfaa01000934.1_scyliorhinus_torazame_dna_scf_scyto00000934_6422	Sto-Mir-205-P2_pre	90.909	22	2	0	2	23	2	23	3.36e-04	30.7
bfaa01000934.1_scyliorhinus_torazame_dna_scf_scyto00000934_6422	Sto-Mir-143_pre	100.000	11	0	0	49	59	35	45	0.20	21.4
bfaa01000992.1_scyliorhinus_torazame_dna_scf_scyto00000992_6714	Sto-Mir-155_pre	100.000	13	0	0	21	33	27	39	0.010	25.1
bfaa01001329.1_scyliorhinus_torazame_dna_scf_scyto00001329_8156	Sto-Mir-216-P1b_pre	100.000	61	0	0	1	61	1	61	3.18e-29	113
bfaa01001329.1_scyliorhinus_torazame_dna_scf_scyto00001329_8156	Sto-Mir-216-P1a_pre	86.207	29	3	1	1	29	1	28	3.29e-04	30.7
bfaa01000040.1_scyliorhinus_torazame_dna_scf_scyto00000040_651	Sto-Mir-133-P4-v2_pre	100.000	11	0	0	8	18	24	14	0.11	21.4
bfaa01000040.1_scyliorhinus_torazame_dna_scf_scyto00000040_651	Sto-Mir-133-P4-v1_pre	100.000	11	0	0	8	18	24	14	0.11	21.4
bfaa01000344.1_scyliorhinus_torazame_dna_scf_scyto00000344_3266	Sto-Mir-29-P1b_pre	100.000	60	0	0	1	60	1	60	1.12e-28	111
bfaa01000344.1_scyliorhinus_torazame_dna_scf_scyto00000344_3266	Sto-Mir-29-P1a_pre	82.258	62	7	3	1	60	1	60	2.48e-10	51.0
bfaa01000344.1_scyliorhinus_torazame_dna_scf_scyto00000344_3266	Sto-Mir-29-P2b_pre	100.000	20	0	0	36	55	40	59	1.93e-06	38.1
bfaa01000344.1_scyliorhinus_torazame_dna_scf_scyto00000344_3266	Sto-Mir-29-P2a_pre	100.000	19	0	0	37	55	39	57	6.93e-06	36.2
bfaa01001827.1_scyliorhinus_torazame_dna_scf_scyto00001827_9930	Sto-Mir-155_pre	100.000	61	0	0	1	61	1	61	3.18e-29	113
bfaa01000006.1_scyliorhinus_torazame_dna_scf_scyto00000006_121	Sto-Mir-181-P1c_pre	100.000	12	0	0	12	23	45	56	0.058	23.3
bfaa01001400.1_scyliorhinus_torazame_dna_scf_scyto00001400_8408	Sto-Mir-30-P2c_pre	100.000	59	0	0	1	59	1	59	3.94e-28	110
bfaa01001400.1_scyliorhinus_torazame_dna_scf_scyto00001400_8408	Sto-Mir-30-P2a_pre	81.967	61	6	4	1	57	1	60	3.14e-09	47.3
bfaa01001400.1_scyliorhinus_torazame_dna_scf_scyto00001400_8408	Sto-Mir-30-P2b_pre	92.308	26	0	1	1	24	1	26	6.79e-06	36.2
bfaa01001400.1_scyliorhinus_torazame_dna_scf_scyto00001400_8408	Sto-Mir-30-P1b_pre	100.000	12	0	0	1	12	1	12	0.053	23.3
bfaa01001400.1_scyliorhinus_torazame_dna_scf_scyto00001400_8408	Sto-Mir-205-P1_pre	100.000	11	0	0	21	31	20	30	0.19	21.4
bfaa01001400.1_scyliorhinus_torazame_dna_scf_scyto00001400_8408	Sto-Mir-30-P1c_pre	100.000	11	0	0	1	11	1	11	0.19	21.4
bfaa01001536.1_scyliorhinus_torazame_dna_scf_scyto00001536_8892	Sto-Mir-9-P2_pre	100.000	55	0	0	1	55	57	3	6.04e-26	102
bfaa01001536.1_scyliorhinus_torazame_dna_scf_scyto00001536_8892	Sto-Mir-9-P2_pre	78.947	57	9	3	1	55	3	58	6.21e-06	36.2
bfaa01001536.1_scyliorhinus_torazame_dna_scf_scyto00001536_8892	Sto-Mir-9-P3_pre	87.500	56	6	1	1	55	58	3	2.85e-14	63.9
bfaa01001536.1_scyliorhinus_torazame_dna_scf_scyto00001536_8892	Sto-Mir-9-P3_pre	77.586	58	9	3	1	55	3	59	8.03e-05	32.5
bfaa01001536.1_scyliorhinus_torazame_dna_scf_scyto00001536_8892	Sto-Mir-9-P4_pre	85.714	56	6	2	1	55	57	3	1.33e-12	58.4
bfaa01001536.1_scyliorhinus_torazame_dna_scf_scyto00001536_8892	Sto-Mir-9-P4_pre	90.476	21	2	0	1	21	3	23	0.001	28.8
bfaa01103183.1_scyliorhinus_torazame_dna_scf_scyto00103184_29278	Sto-Mir-10-P3b_pre	100.000	58	0	0	1	58	1	58	1.39e-27	108
bfaa01103183.1_scyliorhinus_torazame_dna_scf_scyto00103184_29278	Sto-Mir-10-P3c_pre	95.455	22	1	0	1	22	1	22	6.64e-06	36.2
bfaa01103183.1_scyliorhinus_torazame_dna_scf_scyto00103184_29278	Sto-Mir-10-P3a_pre	95.455	22	1	0	1	22	1	22	6.64e-06	36.2
bfaa01103183.1_scyliorhinus_torazame_dna_scf_scyto00103184_29278	Sto-Mir-210-P1_pre	100.000	11	0	0	36	46	15	5	0.19	21.4
bfaa01019261.1_scyliorhinus_torazame_dna_scf_scyto00019261_27016	Sto-Mir-17-P3c_pre	100.000	61	0	0	1	61	1	61	3.18e-29	113
bfaa01019261.1_scyliorhinus_torazame_dna_scf_scyto00019261_27016	Sto-Mir-17-P3d_pre	100.000	25	0	0	2	26	2	26	3.27e-09	47.3
bfaa01019261.1_scyliorhinus_torazame_dna_scf_scyto00019261_27016	Sto-Mir-17-P1a_pre	95.833	24	1	0	2	25	2	25	5.47e-07	39.9
bfaa01019261.1_scyliorhinus_torazame_dna_scf_scyto00019261_27016	Sto-Mir-17-P3a_pre	92.000	25	2	0	1	25	1	25	7.08e-06	36.2
bfaa01019261.1_scyliorhinus_torazame_dna_scf_scyto00019261_27016	Sto-Mir-17-P1d_pre	82.927	41	6	1	2	42	2	41	7.08e-06	36.2
bfaa01023027.1_scyliorhinus_torazame_dna_scf_scyto00023027_27548	Sto-Mir-92-P1c_pre	100.000	61	0	0	1	61	2	62	3.18e-29	113
bfaa01023027.1_scyliorhinus_torazame_dna_scf_scyto00023027_27548	Sto-Mir-130-P4a_pre	100.000	12	0	0	38	49	53	42	0.055	23.3
bfaa01023027.1_scyliorhinus_torazame_dna_scf_scyto00023027_27548	Sto-Mir-130-P1b_pre	100.000	12	0	0	38	49	51	40	0.055	23.3
bfaa01023027.1_scyliorhinus_torazame_dna_scf_scyto00023027_27548	Sto-Mir-130-P3b_pre	100.000	11	0	0	39	49	48	38	0.20	21.4
bfaa01023027.1_scyliorhinus_torazame_dna_scf_scyto00023027_27548	Sto-Mir-130-P3a_pre	100.000	11	0	0	39	49	53	43	0.20	21.4
bfaa01001891.1_scyliorhinus_torazame_dna_scf_scyto00001891_10149	Sto-Mir-19-P2d_pre	100.000	63	0	0	3	65	1	63	2.66e-30	117
bfaa01001891.1_scyliorhinus_torazame_dna_scf_scyto00001891_10149	Sto-Mir-19-P2a_pre	82.540	63	10	1	3	65	1	62	2.11e-11	54.7
bfaa01001891.1_scyliorhinus_torazame_dna_scf_scyto00001891_10149	Sto-Mir-19-P2b_pre	81.538	65	7	4	3	65	1	62	9.83e-10	49.1
bfaa01021138.1_scyliorhinus_torazame_dna_scf_scyto00021138_27313	Sto-Mir-153-P3_pre	100.000	60	0	0	1	60	1	60	1.12e-28	111
bfaa01021138.1_scyliorhinus_torazame_dna_scf_scyto00021138_27313	Sto-Mir-153-P1_pre	85.714	63	4	5	1	60	1	61	1.14e-13	62.1
bfaa01021138.1_scyliorhinus_torazame_dna_scf_scyto00021138_27313	Sto-Mir-153-P2_pre	83.871	62	6	4	1	60	2	61	5.32e-12	56.5
bfaa01010850.1_scyliorhinus_torazame_dna_scf_scyto00010850_23912	Sto-Mir-135-P2_pre	100.000	59	0	0	1	59	1	59	3.94e-28	110
bfaa01010850.1_scyliorhinus_torazame_dna_scf_scyto00010850_23912	Sto-Mir-135-P1_pre	84.746	59	6	3	1	57	1	58	5.21e-12	56.5
bfaa01010850.1_scyliorhinus_torazame_dna_scf_scyto00010850_23912	Sto-Mir-135-P3_pre	100.000	24	0	0	1	24	1	24	1.13e-08	45.4
bfaa01017286.1_scyliorhinus_torazame_dna_scf_scyto00017286_26656	Sto-Mir-124-P2-v2_pre	100.000	56	0	0	1	56	56	1	1.76e-26	104
bfaa01017286.1_scyliorhinus_torazame_dna_scf_scyto00017286_26656	Sto-Mir-124-P2-v1_pre	100.000	56	0	0	1	56	56	1	1.76e-26	104
bfaa01017286.1_scyliorhinus_torazame_dna_scf_scyto00017286_26656	Sto-Mir-124-P1-v2_pre	98.214	56	1	0	1	56	56	1	8.17e-25	99.0
bfaa01017286.1_scyliorhinus_torazame_dna_scf_scyto00017286_26656	Sto-Mir-124-P1-v1_pre	98.214	56	1	0	1	56	56	1	8.17e-25	99.0
bfaa01017286.1_scyliorhinus_torazame_dna_scf_scyto00017286_26656	Sto-Mir-124-P3-v2_pre	96.491	57	1	1	1	56	57	1	3.80e-23	93.5
bfaa01017286.1_scyliorhinus_torazame_dna_scf_scyto00017286_26656	Sto-Mir-124-P3-v1_pre	96.491	57	1	1	1	56	57	1	3.80e-23	93.5
bfaa01017286.1_scyliorhinus_torazame_dna_scf_scyto00017286_26656	Sto-Mir-124-P4-v2_pre	94.643	56	3	0	1	56	56	1	1.77e-21	87.9
bfaa01017286.1_scyliorhinus_torazame_dna_scf_scyto00017286_26656	Sto-Mir-124-P4-v1_pre	94.643	56	3	0	1	56	56	1	1.77e-21	87.9
bfaa01228007.1_scyliorhinus_torazame_dna_scf_scyto00228008_30480	Sto-Mir-150_pre	100.000	60	0	0	1	60	1	60	1.12e-28	111
bfaa01020753.1_scyliorhinus_torazame_dna_scf_scyto00020753_27271	Sto-Mir-26-P2_pre	100.000	61	0	0	1	61	1	61	3.18e-29	113
bfaa01020753.1_scyliorhinus_torazame_dna_scf_scyto00020753_27271	Sto-Mir-26-P3_pre	86.538	52	5	2	1	51	1	51	5.43e-12	56.5
bfaa01020753.1_scyliorhinus_torazame_dna_scf_scyto00020753_27271	Sto-Mir-26-P1_pre	100.000	24	0	0	1	24	1	24	1.18e-08	45.4
bfaa01012481.1_scyliorhinus_torazame_dna_scf_scyto00012481_24811	Sto-Mir-130-P4b_pre	100.000	65	0	0	1	65	1	65	2.05e-31	121
bfaa01012481.1_scyliorhinus_torazame_dna_scf_scyto00012481_24811	Sto-Mir-130-P4a_pre	84.615	65	8	1	1	65	1	63	3.51e-14	63.9
bfaa01012481.1_scyliorhinus_torazame_dna_scf_scyto00012481_24811	Sto-Mir-130-P4o1_pre	77.612	67	10	4	1	65	1	64	7.65e-06	36.2
bfaa01012481.1_scyliorhinus_torazame_dna_scf_scyto00012481_24811	Sto-Mir-130-P2b_pre	100.000	15	0	0	41	55	20	6	0.001	28.8
bfaa01012481.1_scyliorhinus_torazame_dna_scf_scyto00012481_24811	Sto-Mir-130-P2a_pre	100.000	12	0	0	41	52	22	11	0.060	23.3
bfaa01012481.1_scyliorhinus_torazame_dna_scf_scyto00012481_24811	Sto-Mir-92-P1d_pre	100.000	11	0	0	44	54	46	36	0.21	21.4
bfaa01002990.1_scyliorhinus_torazame_dna_scf_scyto00002990_13230	Sto-Mir-430-o30_pre	80.000	40	4	4	7	45	10	46	0.004	27.0
bfaa01002990.1_scyliorhinus_torazame_dna_scf_scyto00002990_13230	Sto-Mir-430-o28_pre	100.000	11	0	0	34	44	31	41	0.19	21.4
bfaa01002990.1_scyliorhinus_torazame_dna_scf_scyto00002990_13230	Sto-Mir-214-v2_pre	100.000	11	0	0	14	24	11	21	0.19	21.4
bfaa01002990.1_scyliorhinus_torazame_dna_scf_scyto00002990_13230	Sto-Mir-214-v1_pre	100.000	11	0	0	14	24	11	21	0.19	21.4
bfaa01002633.1_scyliorhinus_torazame_dna_scf_scyto00002633_12359	Sto-Mir-194-P2_pre	100.000	56	0	0	1	56	1	56	1.72e-26	104
bfaa01002633.1_scyliorhinus_torazame_dna_scf_scyto00002633_12359	Sto-Mir-194-P1_pre	83.019	53	7	2	1	52	1	52	2.94e-09	47.3
bfaa01002633.1_scyliorhinus_torazame_dna_scf_scyto00002633_12359	Sto-Mir-281_pre	100.000	11	0	0	7	17	53	43	0.18	21.4
bfaa01003659.1_scyliorhinus_torazame_dna_scf_scyto00003659_14836	Sto-Mir-26-P3_pre	100.000	61	0	0	1	61	1	61	3.18e-29	113
bfaa01003659.1_scyliorhinus_torazame_dna_scf_scyto00003659_14836	Sto-Mir-26-P2_pre	86.538	52	5	2	1	51	1	51	5.43e-12	56.5
bfaa01003659.1_scyliorhinus_torazame_dna_scf_scyto00003659_14836	Sto-Mir-26-P1_pre	100.000	24	0	0	1	24	1	24	1.18e-08	45.4
bfaa01002753.1_scyliorhinus_torazame_dna_scf_scyto00002753_12664	Sto-Mir-34-P1_pre	100.000	64	0	0	1	64	1	64	7.25e-31	119
bfaa01002753.1_scyliorhinus_torazame_dna_scf_scyto00002753_12664	Sto-Mir-34-P3a_pre	87.500	24	0	2	2	22	2	25	0.016	25.1
bfaa01001891.1_scyliorhinus_torazame_dna_scf_scyto00001891_10151	Sto-Mir-92-P1d_pre	100.000	57	0	0	1	57	1	57	4.88e-27	106
bfaa01001891.1_scyliorhinus_torazame_dna_scf_scyto00001891_10151	Sto-Mir-92-P1a_pre	95.833	24	1	0	34	57	35	58	5.02e-07	39.9
bfaa01001891.1_scyliorhinus_torazame_dna_scf_scyto00001891_10151	Sto-Mir-92-P1b_pre	100.000	20	0	0	38	57	41	60	1.81e-06	38.1
bfaa01001891.1_scyliorhinus_torazame_dna_scf_scyto00001891_10151	Sto-Mir-92-P2d_pre	93.750	16	1	0	39	54	40	55	0.014	25.1
bfaa01001891.1_scyliorhinus_torazame_dna_scf_scyto00001891_10151	Sto-Mir-7-P1_pre	90.000	20	1	1	19	37	22	41	0.014	25.1
bfaa01001891.1_scyliorhinus_torazame_dna_scf_scyto00001891_10151	Sto-Mir-130-P4b_pre	100.000	11	0	0	36	46	54	44	0.18	21.4
bfaa01001891.1_scyliorhinus_torazame_dna_scf_scyto00001891_10151	Sto-Mir-130-P2b_pre	100.000	11	0	0	36	46	7	17	0.18	21.4
bfaa01001891.1_scyliorhinus_torazame_dna_scf_scyto00001891_10151	Sto-Mir-34-P3a_pre	100.000	11	0	0	11	21	60	50	0.18	21.4
bfaa01004470.1_scyliorhinus_torazame_dna_scf_scyto00004470_16488	Sto-Mir-15-P2c_pre	100.000	63	0	0	1	63	1	63	2.56e-30	117
bfaa01004470.1_scyliorhinus_torazame_dna_scf_scyto00004470_16488	Sto-Mir-15-P2b_pre	95.238	21	1	0	1	21	1	21	2.65e-05	34.4
bfaa01004470.1_scyliorhinus_torazame_dna_scf_scyto00004470_16488	Sto-Mir-15-P1a_pre	100.000	13	0	0	1	13	1	13	0.016	25.1
bfaa01004470.1_scyliorhinus_torazame_dna_scf_scyto00004470_16488	Sto-Mir-15-P1b_pre	100.000	11	0	0	1	11	1	11	0.21	21.4
bfaa01008399.1_scyliorhinus_torazame_dna_scf_scyto00008399_21866	Sto-Mir-153-P2_pre	100.000	57	0	0	1	57	5	61	4.88e-27	106
bfaa01008399.1_scyliorhinus_torazame_dna_scf_scyto00008399_21866	Sto-Mir-153-P1_pre	89.831	59	3	3	1	57	4	61	4.95e-17	73.1
bfaa01008399.1_scyliorhinus_torazame_dna_scf_scyto00008399_21866	Sto-Mir-153-P3_pre	83.051	59	6	4	1	57	4	60	2.32e-10	51.0
bfaa01003985.1_scyliorhinus_torazame_dna_scf_scyto00003985_15515	Sto-Mir-375_pre	100.000	58	0	0	1	58	1	58	1.39e-27	108
bfaa01079546.1_scyliorhinus_torazame_dna_scf_scyto00079547_28957	Sto-Mir-30-P2a_pre	100.000	62	0	0	1	62	1	62	9.02e-30	115
bfaa01079546.1_scyliorhinus_torazame_dna_scf_scyto00079547_28957	Sto-Mir-30-P2c_pre	81.967	61	6	4	1	60	1	57	3.34e-09	47.3
bfaa01079546.1_scyliorhinus_torazame_dna_scf_scyto00079547_28957	Sto-Mir-30-P2b_pre	96.296	27	1	0	1	27	1	27	1.20e-08	45.4
bfaa01079546.1_scyliorhinus_torazame_dna_scf_scyto00079547_28957	Sto-Mir-30-P1b_pre	100.000	12	0	0	1	12	1	12	0.056	23.3
bfaa01079546.1_scyliorhinus_torazame_dna_scf_scyto00079547_28957	Sto-Mir-122_pre	100.000	11	0	0	24	34	6	16	0.20	21.4
bfaa01079546.1_scyliorhinus_torazame_dna_scf_scyto00079547_28957	Sto-Mir-30-P1c_pre	100.000	11	0	0	1	11	1	11	0.20	21.4
bfaa01013767.1_scyliorhinus_torazame_dna_scf_scyto00013767_25453	Sto-Mir-19-P2b_pre	100.000	60	0	0	1	60	2	61	1.12e-28	111
bfaa01013767.1_scyliorhinus_torazame_dna_scf_scyto00013767_25453	Sto-Mir-19-P2a_pre	86.885	61	6	2	1	60	2	61	2.46e-15	67.6
bfaa01013767.1_scyliorhinus_torazame_dna_scf_scyto00013767_25453	Sto-Mir-19-P2d_pre	80.952	63	7	4	1	60	2	62	1.15e-08	45.4
bfaa01013767.1_scyliorhinus_torazame_dna_scf_scyto00013767_25453	Sto-Mir-19-P1_pre	95.455	22	1	0	39	60	36	57	6.93e-06	36.2
bfaa01013767.1_scyliorhinus_torazame_dna_scf_scyto00013767_25453	Sto-Mir-19-P1_pre	90.000	20	0	2	40	59	18	1	0.015	25.1
bfaa01013767.1_scyliorhinus_torazame_dna_scf_scyto00013767_25453	Sto-Mir-101-P1-v2_pre	100.000	13	0	0	29	41	13	25	0.015	25.1
bfaa01013767.1_scyliorhinus_torazame_dna_scf_scyto00013767_25453	Sto-Mir-101-P1-v1_pre	100.000	13	0	0	29	41	12	24	0.015	25.1
bfaa01039167.1_scyliorhinus_torazame_dna_scf_scyto00039167_28269	Sto-Mir-34-P2a_pre	100.000	59	0	0	1	59	1	59	3.94e-28	110
bfaa01039167.1_scyliorhinus_torazame_dna_scf_scyto00039167_28269	Sto-Mir-34-P2b_pre	100.000	22	0	0	1	22	1	22	1.46e-07	41.7
bfaa01039167.1_scyliorhinus_torazame_dna_scf_scyto00039167_28269	Sto-Mir-27-P2_pre	100.000	11	0	0	12	22	7	17	0.19	21.4
bfaa01007834.1_scyliorhinus_torazame_dna_scf_scyto00007834_21275	Sto-Mir-10-P2b_pre	100.000	59	0	0	1	59	1	59	3.94e-28	110
bfaa01007834.1_scyliorhinus_torazame_dna_scf_scyto00007834_21275	Sto-Mir-10-P2a_pre	100.000	20	0	0	1	20	1	20	1.89e-06	38.1
bfaa01007834.1_scyliorhinus_torazame_dna_scf_scyto00007834_21275	Sto-Mir-10-P2c_pre	91.667	24	2	0	1	24	1	24	2.44e-05	34.4
bfaa01007834.1_scyliorhinus_torazame_dna_scf_scyto00007834_21275	Sto-Mir-10-P1a-v2_pre	90.000	20	1	1	2	20	1	20	0.015	25.1
bfaa01007834.1_scyliorhinus_torazame_dna_scf_scyto00007834_21275	Sto-Mir-10-P1a-v1_pre	90.000	20	1	1	2	20	2	21	0.015	25.1
bfaa01193566.1_scyliorhinus_torazame_dna_scf_scyto00193567_30206	Sto-Mir-210-P2_pre	100.000	59	0	0	1	59	2	60	3.94e-28	110
bfaa01193566.1_scyliorhinus_torazame_dna_scf_scyto00193567_30206	Sto-Mir-210-P1_pre	100.000	21	0	0	37	57	38	58	5.25e-07	39.9
bfaa01193566.1_scyliorhinus_torazame_dna_scf_scyto00193567_30206	Sto-Mir-130-P2a_pre	93.333	15	0	1	15	28	15	29	0.19	21.4
bfaa01001891.1_scyliorhinus_torazame_dna_scf_scyto00001891_10148	Sto-Mir-17-P1d_pre	100.000	60	0	0	1	60	1	60	1.65e-28	111
bfaa01001891.1_scyliorhinus_torazame_dna_scf_scyto00001891_10148	Sto-Mir-17-P3a_pre	95.833	24	1	0	2	25	2	25	7.87e-07	39.9
bfaa01001891.1_scyliorhinus_torazame_dna_scf_scyto00001891_10148	Sto-Mir-17-P1a_pre	83.721	43	5	2	2	44	2	42	7.87e-07	39.9
bfaa01001891.1_scyliorhinus_torazame_dna_scf_scyto00001891_10148	Sto-Mir-17-P3c_pre	82.927	41	6	1	2	41	2	42	1.02e-05	36.2
bfaa01001891.1_scyliorhinus_torazame_dna_scf_scyto00001891_10148	Sto-Mir-17-P3d_pre	87.500	24	3	0	2	25	2	25	0.002	28.8
bfaa01022431.1_scyliorhinus_torazame_dna_scf_scyto00022431_27488	Sto-Mir-184_pre	100.000	60	0	0	3	62	1	60	1.17e-28	111
bfaa01022431.1_scyliorhinus_torazame_dna_scf_scyto00022431_27488	Sto-Mir-145_pre	100.000	11	0	0	51	61	29	39	0.20	21.4
bfaa01254650.1_scyliorhinus_torazame_dna_scf_scyto00254651_30658	Sto-Mir-17-P1a_pre	100.000	11	0	0	12	22	39	49	0.19	21.4
bfaa01010119.1_scyliorhinus_torazame_dna_scf_scyto00010119_23357	Sto-Mir-128-P1_pre	94.737	19	0	1	19	37	41	24	0.001	28.8
bfaa01010119.1_scyliorhinus_torazame_dna_scf_scyto00010119_23357	Sto-Mir-153-P3_pre	100.000	11	0	0	57	67	26	36	0.24	21.4
bfaa01010745.1_scyliorhinus_torazame_dna_scf_scyto00010745_23853	Sto-Mir-153-P1_pre	100.000	61	0	0	1	61	1	61	3.18e-29	113
bfaa01010745.1_scyliorhinus_torazame_dna_scf_scyto00010745_23853	Sto-Mir-153-P2_pre	90.323	62	3	3	1	61	2	61	1.16e-18	78.7
bfaa01010745.1_scyliorhinus_torazame_dna_scf_scyto00010745_23853	Sto-Mir-153-P3_pre	85.714	63	4	5	1	61	1	60	1.17e-13	62.1
bfaa01002690.1_scyliorhinus_torazame_dna_scf_scyto00002690_12514	Sto-Mir-193-P2b_pre	100.000	60	0	0	2	61	1	60	1.19e-28	111
bfaa01013767.1_scyliorhinus_torazame_dna_scf_scyto00013767_25457	Sto-Mir-92-P2b_pre	100.000	64	0	0	1	64	1	64	7.25e-31	119
bfaa01013767.1_scyliorhinus_torazame_dna_scf_scyto00013767_25457	Sto-Mir-96-P1_pre	100.000	11	0	0	21	31	37	47	0.21	21.4
bfaa01221544.1_scyliorhinus_torazame_dna_scf_scyto00221545_30444	Sto-Mir-124-P1-v2_pre	100.000	56	0	0	1	56	56	1	1.76e-26	104
bfaa01221544.1_scyliorhinus_torazame_dna_scf_scyto00221545_30444	Sto-Mir-124-P1-v1_pre	100.000	56	0	0	1	56	56	1	1.76e-26	104
bfaa01221544.1_scyliorhinus_torazame_dna_scf_scyto00221545_30444	Sto-Mir-124-P3-v2_pre	98.246	57	0	1	1	56	57	1	8.17e-25	99.0
bfaa01221544.1_scyliorhinus_torazame_dna_scf_scyto00221545_30444	Sto-Mir-124-P3-v1_pre	98.246	57	0	1	1	56	57	1	8.17e-25	99.0
bfaa01221544.1_scyliorhinus_torazame_dna_scf_scyto00221545_30444	Sto-Mir-124-P2-v2_pre	98.214	56	1	0	1	56	56	1	8.17e-25	99.0
bfaa01221544.1_scyliorhinus_torazame_dna_scf_scyto00221545_30444	Sto-Mir-124-P2-v1_pre	98.214	56	1	0	1	56	56	1	8.17e-25	99.0
bfaa01221544.1_scyliorhinus_torazame_dna_scf_scyto00221545_30444	Sto-Mir-124-P4-v2_pre	92.857	56	4	0	1	56	56	1	8.23e-20	82.4
bfaa01221544.1_scyliorhinus_torazame_dna_scf_scyto00221545_30444	Sto-Mir-124-P4-v1_pre	92.857	56	4	0	1	56	56	1	8.23e-20	82.4
bfaa01013767.1_scyliorhinus_torazame_dna_scf_scyto00013767_25455	Sto-Mir-92-P1b_pre	100.000	59	0	0	1	59	4	62	3.94e-28	110
bfaa01013767.1_scyliorhinus_torazame_dna_scf_scyto00013767_25455	Sto-Mir-92-P1a_pre	100.000	23	0	0	37	59	38	60	4.06e-08	43.6
bfaa01013767.1_scyliorhinus_torazame_dna_scf_scyto00013767_25455	Sto-Mir-92-P1d_pre	100.000	20	0	0	38	57	38	57	1.89e-06	38.1
bfaa01013767.1_scyliorhinus_torazame_dna_scf_scyto00013767_25455	Sto-Mir-92-P2d_pre	89.474	19	2	0	36	54	37	55	0.015	25.1
bfaa01013767.1_scyliorhinus_torazame_dna_scf_scyto00013767_25455	Sto-Mir-221-P3_pre	100.000	11	0	0	16	26	53	63	0.19	21.4
bfaa01013767.1_scyliorhinus_torazame_dna_scf_scyto00013767_25455	Sto-Mir-7-P2_pre	100.000	11	0	0	3	13	51	41	0.19	21.4
bfaa01002990.1_scyliorhinus_torazame_dna_scf_scyto00002990_13228	Sto-Mir-430-o30_pre	86.842	38	4	1	17	54	18	54	1.46e-07	41.7
bfaa01002990.1_scyliorhinus_torazame_dna_scf_scyto00002990_13228	Sto-Mir-430-o28_pre	85.185	27	4	0	33	59	29	55	0.001	28.8
bfaa01001934.1_scyliorhinus_torazame_dna_scf_scyto00001934_10335	Sto-Mir-103-P1_pre	100.000	60	0	0	1	60	1	60	1.12e-28	111
bfaa01001934.1_scyliorhinus_torazame_dna_scf_scyto00001934_10335	Sto-Mir-103-P2_pre	91.525	59	5	0	2	60	2	60	8.78e-20	82.4
bfaa01001934.1_scyliorhinus_torazame_dna_scf_scyto00001934_10335	Sto-Mir-103-P3_pre	91.228	57	5	0	2	58	2	58	1.14e-18	78.7
bfaa01002126.1_scyliorhinus_torazame_dna_scf_scyto00002126_10976	Sto-Mir-218-P1_pre	100.000	64	0	0	1	64	1	64	7.25e-31	119
bfaa01002126.1_scyliorhinus_torazame_dna_scf_scyto00002126_10976	Sto-Mir-218-P2_pre	90.625	64	6	0	1	64	1	64	7.35e-21	86.1
bfaa01030961.1_scyliorhinus_torazame_dna_scf_scyto00030961_28008	Sto-Mir-210-P1_pre	100.000	56	0	0	1	56	3	58	1.72e-26	104
bfaa01030961.1_scyliorhinus_torazame_dna_scf_scyto00030961_28008	Sto-Mir-210-P2_pre	100.000	21	0	0	36	56	38	58	4.91e-07	39.9
bfaa01030961.1_scyliorhinus_torazame_dna_scf_scyto00030961_28008	Sto-Mir-15-P1a_pre	100.000	11	0	0	14	24	43	53	0.18	21.4
bfaa01030961.1_scyliorhinus_torazame_dna_scf_scyto00030961_28008	Sto-Mir-10-P3b_pre	100.000	11	0	0	3	13	46	36	0.18	21.4
bfaa01005422.1_scyliorhinus_torazame_dna_scf_scyto00005422_18155	Sto-Mir-17-P3a_pre	100.000	59	0	0	1	59	1	59	5.03e-28	110
bfaa01005422.1_scyliorhinus_torazame_dna_scf_scyto00005422_18155	Sto-Mir-17-P3a_pre	80.000	55	7	4	3	55	55	3	2.41e-06	38.1
bfaa01005422.1_scyliorhinus_torazame_dna_scf_scyto00005422_18155	Sto-Mir-17-P3d_pre	81.481	54	10	0	2	55	2	55	1.44e-08	45.4
bfaa01005422.1_scyliorhinus_torazame_dna_scf_scyto00005422_18155	Sto-Mir-17-P1a_pre	85.714	42	4	1	2	43	2	41	5.18e-08	43.6
bfaa01005422.1_scyliorhinus_torazame_dna_scf_scyto00005422_18155	Sto-Mir-17-P1d_pre	95.833	24	1	0	2	25	2	25	6.70e-07	39.9
bfaa01005422.1_scyliorhinus_torazame_dna_scf_scyto00005422_18155	Sto-Mir-17-P3c_pre	92.000	25	2	0	1	25	1	25	8.66e-06	36.2
bfaa01179247.1_scyliorhinus_torazame_dna_scf_scyto00179248_30064	Sto-Mir-190-P1_pre	100.000	58	0	0	1	58	1	58	1.39e-27	108
bfaa01179247.1_scyliorhinus_torazame_dna_scf_scyto00179248_30064	Sto-Mir-190-P1_pre	82.143	56	2	6	3	54	54	3	1.43e-07	41.7
bfaa01179247.1_scyliorhinus_torazame_dna_scf_scyto00179248_30064	Sto-Mir-190-P2_pre	88.462	26	1	2	1	26	1	24	3.09e-04	30.7
bfaa01179247.1_scyliorhinus_torazame_dna_scf_scyto00179248_30064	Sto-Mir-190-P2_pre	88.000	25	2	1	31	55	34	57	0.001	28.8
bfaa01179247.1_scyliorhinus_torazame_dna_scf_scyto00179248_30064	Sto-Mir-190-P2_pre	100.000	13	0	0	42	54	15	3	0.014	25.1
bfaa01002899.1_scyliorhinus_torazame_dna_scf_scyto00002899_13007	Sto-Mir-204-P3_pre	100.000	56	0	0	1	56	1	56	1.72e-26	104
bfaa01002899.1_scyliorhinus_torazame_dna_scf_scyto00002899_13007	Sto-Mir-204-P1_pre	86.667	45	3	3	1	42	1	45	2.94e-09	47.3
bfaa01002899.1_scyliorhinus_torazame_dna_scf_scyto00002899_13007	Sto-Mir-204-P2_pre	82.000	50	7	2	1	48	1	50	1.37e-07	41.7
bfaa01002459.1_scyliorhinus_torazame_dna_scf_scyto00002459_11895	Sto-Mir-9-P3_pre	100.000	56	0	0	1	56	58	3	1.72e-26	104
bfaa01002459.1_scyliorhinus_torazame_dna_scf_scyto00002459_11895	Sto-Mir-9-P3_pre	79.661	59	7	5	1	56	3	59	1.77e-06	38.1
bfaa01002459.1_scyliorhinus_torazame_dna_scf_scyto00002459_11895	Sto-Mir-9-P4_pre	92.857	56	3	1	1	56	57	3	2.89e-19	80.5
bfaa01002459.1_scyliorhinus_torazame_dna_scf_scyto00002459_11895	Sto-Mir-9-P4_pre	90.476	21	2	0	1	21	3	23	0.001	28.8
bfaa01002459.1_scyliorhinus_torazame_dna_scf_scyto00002459_11895	Sto-Mir-9-P2_pre	87.500	56	6	1	1	56	57	3	2.91e-14	63.9
bfaa01002459.1_scyliorhinus_torazame_dna_scf_scyto00002459_11895	Sto-Mir-9-P2_pre	77.586	58	9	3	1	56	3	58	8.22e-05	32.5
bfaa01009135.1_scyliorhinus_torazame_dna_scf_scyto00009135_22508	Sto-Mir-146-P3_pre	100.000	65	0	0	1	65	1	65	2.09e-31	121
bfaa01009135.1_scyliorhinus_torazame_dna_scf_scyto00009135_22508	Sto-Mir-146-o1_pre	100.000	18	0	0	1	18	1	18	2.80e-05	34.4
bfaa01004289.1_scyliorhinus_torazame_dna_scf_scyto00004289_16136	Sto-Mir-29-P1a_pre	100.000	60	0	0	1	60	1	60	1.12e-28	111
bfaa01004289.1_scyliorhinus_torazame_dna_scf_scyto00004289_16136	Sto-Mir-29-P1b_pre	82.258	62	7	3	1	60	1	60	2.48e-10	51.0
bfaa01004289.1_scyliorhinus_torazame_dna_scf_scyto00004289_16136	Sto-Mir-29-P2b_pre	100.000	19	0	0	37	55	41	59	6.93e-06	36.2
bfaa01004289.1_scyliorhinus_torazame_dna_scf_scyto00004289_16136	Sto-Mir-29-P2a_pre	100.000	19	0	0	37	55	39	57	6.93e-06	36.2
bfaa01005756.1_scyliorhinus_torazame_dna_scf_scyto00005756_18738	Sto-Mir-148-P2_pre	100.000	62	0	0	1	62	2	63	9.20e-30	115
bfaa01005756.1_scyliorhinus_torazame_dna_scf_scyto00005756_18738	Sto-Mir-148-P1_pre	79.688	64	6	5	1	62	1	59	5.69e-07	39.9
bfaa01002990.1_scyliorhinus_torazame_dna_scf_scyto00002990_13232	Sto-Mir-430-o29_pre	100.000	58	0	0	1	58	1	58	1.39e-27	108
bfaa01011895.1_scyliorhinus_torazame_dna_scf_scyto00011895_24516	Sto-Mir-338-P2_pre	100.000	23	0	0	1	23	38	60	4.92e-08	43.6
bfaa01011895.1_scyliorhinus_torazame_dna_scf_scyto00011895_24516	Sto-Mir-338-P1_pre	100.000	23	0	0	1	23	38	60	4.92e-08	43.6
bfaa01011895.1_scyliorhinus_torazame_dna_scf_scyto00011895_24516	Sto-Mir-7-P3_pre	100.000	13	0	0	10	22	10	22	0.018	25.1
bfaa01011895.1_scyliorhinus_torazame_dna_scf_scyto00011895_24516	Sto-Mir-7-P2_pre	100.000	13	0	0	10	22	10	22	0.018	25.1
bfaa01011895.1_scyliorhinus_torazame_dna_scf_scyto00011895_24516	Sto-Mir-7-P1_pre	100.000	13	0	0	10	22	10	22	0.018	25.1
bfaa01025282.1_scyliorhinus_torazame_dna_scf_scyto00025282_27732	Sto-Mir-190-P2_pre	100.000	60	0	0	1	60	1	60	1.12e-28	111
bfaa01025282.1_scyliorhinus_torazame_dna_scf_scyto00025282_27732	Sto-Mir-190-P1_pre	88.462	26	1	2	1	24	1	26	3.22e-04	30.7
bfaa01025282.1_scyliorhinus_torazame_dna_scf_scyto00025282_27732	Sto-Mir-190-P1_pre	88.000	25	2	1	34	57	31	55	0.001	28.8
bfaa01025282.1_scyliorhinus_torazame_dna_scf_scyto00025282_27732	Sto-Mir-190-P1_pre	100.000	13	0	0	3	15	54	42	0.015	25.1
bfaa01025282.1_scyliorhinus_torazame_dna_scf_scyto00025282_27732	Sto-Mir-138-P2_pre	100.000	11	0	0	31	41	26	36	0.19	21.4
bfaa01058277.1_scyliorhinus_torazame_dna_scf_scyto00058277_28681	Sto-Mir-148-P2_pre	88.889	18	2	0	35	52	19	36	0.052	23.3
bfaa01000515.1_scyliorhinus_torazame_dna_scf_scyto00000515_4296	Sto-Mir-425_pre	93.750	16	1	0	29	44	41	56	0.010	25.1
bfaa01002122.1_scyliorhinus_torazame_dna_scf_scyto00002122_10960	Sto-Mir-27-P2_pre	100.000	22	0	0	27	48	39	60	1.18e-07	41.7
bfaa01002122.1_scyliorhinus_torazame_dna_scf_scyto00002122_10960	Sto-Mir-27-o1_pre	100.000	21	0	0	29	49	44	64	4.24e-07	39.9
bfaa01002122.1_scyliorhinus_torazame_dna_scf_scyto00002122_10960	Sto-Mir-27-P1_pre	100.000	20	0	0	29	48	43	62	1.53e-06	38.1
bfaa01000072.1_scyliorhinus_torazame_dna_scf_scyto00000072_963	Sto-Let-7-P2b2_pre	93.333	15	0	1	37	51	32	45	0.19	21.4
bfaa01005146.1_scyliorhinus_torazame_dna_scf_scyto00005146_17669	Sto-Mir-124-P4-v2_pre	100.000	53	0	0	1	53	4	56	7.45e-25	99.0
bfaa01005146.1_scyliorhinus_torazame_dna_scf_scyto00005146_17669	Sto-Mir-124-P4-v1_pre	100.000	53	0	0	1	53	4	56	7.45e-25	99.0
bfaa01005146.1_scyliorhinus_torazame_dna_scf_scyto00005146_17669	Sto-Mir-124-P2-v2_pre	94.340	53	3	0	1	53	4	56	7.50e-20	82.4
bfaa01005146.1_scyliorhinus_torazame_dna_scf_scyto00005146_17669	Sto-Mir-124-P2-v1_pre	94.340	53	3	0	1	53	4	56	7.50e-20	82.4
bfaa01005146.1_scyliorhinus_torazame_dna_scf_scyto00005146_17669	Sto-Mir-124-P1-v2_pre	92.453	53	4	0	1	53	4	56	3.49e-18	76.8
bfaa01005146.1_scyliorhinus_torazame_dna_scf_scyto00005146_17669	Sto-Mir-124-P1-v1_pre	92.453	53	4	0	1	53	4	56	3.49e-18	76.8
bfaa01005146.1_scyliorhinus_torazame_dna_scf_scyto00005146_17669	Sto-Mir-124-P3-v2_pre	90.741	54	4	1	1	53	4	57	1.62e-16	71.3
bfaa01005146.1_scyliorhinus_torazame_dna_scf_scyto00005146_17669	Sto-Mir-124-P3-v1_pre	90.741	54	4	1	1	53	4	57	1.62e-16	71.3
bfaa01006286.1_scyliorhinus_torazame_dna_scf_scyto00006286_19514	Sto-Mir-7-P2_pre	100.000	62	0	0	1	62	1	62	9.02e-30	115
bfaa01006286.1_scyliorhinus_torazame_dna_scf_scyto00006286_19514	Sto-Mir-7-P1_pre	85.246	61	6	3	1	59	1	60	4.28e-13	60.2
bfaa01006286.1_scyliorhinus_torazame_dna_scf_scyto00006286_19514	Sto-Mir-7-P3_pre	80.645	62	9	2	1	59	1	62	1.20e-08	45.4
bfaa01006286.1_scyliorhinus_torazame_dna_scf_scyto00006286_19514	Sto-Mir-338-P2_pre	100.000	13	0	0	10	22	47	59	0.016	25.1
bfaa01006286.1_scyliorhinus_torazame_dna_scf_scyto00006286_19514	Sto-Mir-338-P1_pre	100.000	13	0	0	10	22	47	59	0.016	25.1
bfaa01006286.1_scyliorhinus_torazame_dna_scf_scyto00006286_19514	Sto-Mir-92-P1b_pre	100.000	11	0	0	41	51	16	6	0.20	21.4
bfaa01006286.1_scyliorhinus_torazame_dna_scf_scyto00006286_19514	Sto-Let-7-P2b2_pre	100.000	11	0	0	9	19	29	39	0.20	21.4
bfaa01017937.1_scyliorhinus_torazame_dna_scf_scyto00017937_26804	Sto-Mir-219-P1-v2_pre	100.000	67	0	0	1	67	1	67	1.65e-32	124
bfaa01017937.1_scyliorhinus_torazame_dna_scf_scyto00017937_26804	Sto-Mir-219-P1-v1_pre	100.000	67	0	0	1	67	1	67	1.65e-32	124
bfaa01017937.1_scyliorhinus_torazame_dna_scf_scyto00017937_26804	Sto-Mir-219-P2_pre	96.000	25	1	0	1	25	1	25	1.71e-07	41.7
